學年度,年級,學期,課次,課名,生字數,語詞數,認讀字數,生字,認讀字,語詞,TextNameId,來源網址
114,一年級,上學期,第1課,第一課：拍拍手,9,1,0,拍、手、左、右、你、他、也、上、下,,拍手,0103011140101,https://pedia.cloud.edu.tw/Bookmark/TCollection?TextNameId=0103011140101
114,一年級,上學期,第2課,第二課：這是誰的?,11,1,0,這、是、誰、的、我、分、好、了、啊、多、個,,一個,0103011140102,https://pedia.cloud.edu.tw/Bookmark/TCollection?TextNameId=0103011140102
114,一年級,上學期,第3課,第三課：秋千,14,6,0,秋、千、和、玩、陪、高、山、到、大、海、朋、友、們、起,,秋千、高山、大海、我們、好朋友、一起,0103011140103,https://pedia.cloud.edu.tw/Bookmark/TCollection?TextNameId=0103011140103
114,一年級,上學期,第4課,第四課：大個子，小個子,13,4,0,子、小、課、兩、人、拉、看、找、隻、青、蛙、開、心,,個子、上課、青蛙、開心,0103011140104,https://pedia.cloud.edu.tw/Bookmark/TCollection?TextNameId=0103011140104
114,一年級,上學期,第5課,第五課：比一比,14,7,0,比、門、裡、外、有、什、麼、不、同、早、晚、王、主、又,,門外、什麼、不同、早上、晚上、王子、主人,0103011140105,https://pedia.cloud.edu.tw/Bookmark/TCollection?TextNameId=0103011140105
114,一年級,上學期,第6課,第六課：小路,13,4,0,路、長、白、花、紅、走、在、向、說、朵、從、頭、那,,小路、白花、紅花、一頭,0103011140106,https://pedia.cloud.edu.tw/Bookmark/TCollection?TextNameId=0103011140106
114,一年級,下學期,第1課,第一課：看,13,4,0,要、靜、天、空、雲、水、蟲、鳥、草、先、完、再、去,,靜靜的、天空、白雲、花草,0103011140201,https://pedia.cloud.edu.tw/Bookmark/TCollection?TextNameId=0103011140201
114,一年級,下學期,第2課,第二課：花園裡有什麼？,16,5,0,園、聽、沒、正、唱、著、輕、快、歌、出、新、芽、聞、身、香、呢,,花園、沒有、輕快、新芽、身上,0103011140202,https://pedia.cloud.edu.tw/Bookmark/TCollection?TextNameId=0103011140202
114,一年級,下學期,第3課,第三課：媽媽的音樂會,16,7,0,媽、音、樂、會、始、來、重、短、陣、過、後、吃、菜、就、桌、真,,媽媽、音樂會、開始、一陣、過後、好吃、上桌,0103011140203,https://pedia.cloud.edu.tw/Bookmark/TCollection?TextNameId=0103011140203
114,一年級,下學期,第4課,第四課：鞋,16,6,0,鞋、回、家、把、脫、爸、靠、見、像、船、港、口、享、受、溫、暖,,回家、爸爸、見聞、港口、享受、溫暖,0103011140204,https://pedia.cloud.edu.tw/Bookmark/TCollection?TextNameId=0103011140204
114,一年級,下學期,第5課,第五課：小種子快長大,16,10,0,種、問、怎、做、它、才、需、於、澆、陽、光、放、院、公、話、伴,,種子、怎麼、需要、於是、澆水、陽光、院子、外公、說話、陪伴,0103011140205,https://pedia.cloud.edu.tw/Bookmark/TCollection?TextNameId=0103011140205
114,一年級,下學期,第6課,第六課：奶奶的小跟班,16,7,0,奶、跟、班、床、弟、她、酒、拿、卡、片、給、寫、喜、歡、您、都,,奶奶、跟班、起床、弟弟、家家酒、卡片、喜歡,0103011140206,https://pedia.cloud.edu.tw/Bookmark/TCollection?TextNameId=0103011140206
114,一年級,下學期,第7課,第七課：作夢的雲,15,6,0,作、夢、躺、自、己、變、成、棉、糖、黑、鵝、得、更、漂、亮,,作夢、自己、變成、棉花糖、天鵝、漂亮,0103011140207,https://pedia.cloud.edu.tw/Bookmark/TCollection?TextNameId=0103011140207
114,一年級,下學期,第8課,第八課：妹妹的紅雨鞋,16,9,0,妹、雨、雙、穿、滴、遊、戲、顆、珍、珠、落、面、魚、缸、金、游,,妹妹、雨鞋、一雙、遊戲、珍珠、落下、水面、魚缸、金魚,0103011140208,https://pedia.cloud.edu.tw/Bookmark/TCollection?TextNameId=0103011140208
114,一年級,下學期,第9課,第九課：七彩的虹,16,8,0,彩、虹、太、國、掃、除、洗、淨、馬、低、刷、樹、葉、很、認、送,,太陽、國王、大掃除、洗淨、馬路、高高低低、葉子、認真,0103011140209,https://pedia.cloud.edu.tw/Bookmark/TCollection?TextNameId=0103011140209
114,一年級,下學期,第10課,第十課：和你在一起,16,10,0,地、化、趣、線、風、箏、升、神、奇、跑、跳、笑、每、件、事、情,,草地、變化、有趣、長線、風箏、升高、神奇、跑跑跳跳、說說笑笑、事情,0103011140210,https://pedia.cloud.edu.tw/Bookmark/TCollection?TextNameId=0103011140210
114,一年級,下學期,第11課,第十一課：生日快樂,16,8,0,生、日、今、記、時、知、道、嗎、學、收、張、祝、福、第、次、謝,,生日、今天、記得、知道、放學、祝福、第一次、謝謝,0103011140211,https://pedia.cloud.edu.tw/Bookmark/TCollection?TextNameId=0103011140211
114,一年級,下學期,第12課,第十二課：小黑,16,8,0,想、燈、前、點、半、清、楚、停、休、息、兒、吧、幫、加、油、慢,,路燈、前面、一點、一半、清楚、休息、一會兒、加油,0103011140212,https://pedia.cloud.edu.tw/Bookmark/TCollection?TextNameId=0103011140212
114,二年級,上學期,第1課,第一課：新學年新希望,18,13,2,年、希、望、坐、位、本、淡、書、老、師、以、為、故、用、力、只、現、還,聲、矮,學年、希望、位子、課本、淡淡、書香、老師、以前、大聲、成為、故事、用力、現在,0103021140101,https://pedia.cloud.edu.tw/Bookmark/TCollection?TextNameId=0103021140101
114,二年級,上學期,第2課,第二課：一起做早餐,18,11,2,全、蛋、煎、圓、番、茄、切、輪、司、夾、吐、中、方、城、堡、接、畫、臉,餐、醬,早餐、全家、番茄、輪子、起司、吐司、四四方方、城堡、接著、番茄醬、笑臉,0103021140102,https://pedia.cloud.edu.tw/Bookmark/TCollection?TextNameId=0103021140102
114,二年級,上學期,第3課,第三課：走過小巷,18,8,2,巷、叔、貓、屋、捧、蝴、蝶、忙、娶、娘、黃、筆、打、扮、樣、越、美、麗,牆、模,叔叔、捧花、蝴蝶、新娘、彩筆、打扮、模樣、美麗,0103021140103,https://pedia.cloud.edu.tw/Bookmark/TCollection?TextNameId=0103021140103
114,二年級,上學期,第4課,第四課：運動會,18,11,2,運、動、飄、熱、鬧、舞、哇、往、容、步、汗、腳、協、聲、河、氣、最、可,賽、拔,運動會、熱鬧、大會舞、笑容、跑步、比賽、汗水、協力、拔河、力氣、最後,0103021140104,https://pedia.cloud.edu.tw/Bookmark/TCollection?TextNameId=0103021140104
114,二年級,上學期,第5課,第五課：坐竹籃船,18,13,2,竹、籃、鄉、南、暑、假、帶、等、跨、划、吹、邊、叫、原、近、捕、活、識,碗、轉,家鄉、越南、暑假、碗公、划船、轉動、一邊、叫好、原本、近海、捕魚、活動、認識,0103021140105,https://pedia.cloud.edu.tw/Bookmark/TCollection?TextNameId=0103021140105
114,二年級,上學期,第6課,第六課：小鎮的柿餅節,18,9,2,鎮、餅、節、因、此、進、排、遠、色、愛、月、乾、甜、客、買、親、如、意,柿、埔,小鎮、因此、走進、金黃色、可愛、風乾、遊客、親朋好友、如意,0103021140106,https://pedia.cloud.edu.tw/Bookmark/TCollection?TextNameId=0103021140106
114,二年級,上學期,第7課,第七課：國王的新衣裳,18,11,2,衣、胖、針、簡、單、聰、明、臣、敢、東、西、直、棒、街、滿、眼、哪、思,裳、慌,衣裳、簡單、聰明、大臣、不敢、東西、慌張、一直、大街、滿街、左思右想,0103021140107,https://pedia.cloud.edu.tw/Bookmark/TCollection?TextNameId=0103021140107
114,二年級,上學期,第8課,第八課：「聰明」的小熊,18,12,2,渴、烏、喝、瓶、法、森、林、物、旅、行、午、裝、許、石、難、忘、哈、但,熊、鴉,口渴、烏鴉、瓶子、方法、森林、動物、旅行、中午、許多、石頭、難道、但是,0103021140108,https://pedia.cloud.edu.tw/Bookmark/TCollection?TextNameId=0103021140108
114,二年級,上學期,第9課,第九課：大象有多重?,18,12,2,象、操、粗、腿、柱、砍、幾、部、搖、沖、首、牽、沉、少、沿、然、紀、竟,曹、秤,大象、曹操、粗大、柱子、部分、搖頭、首先、下沉、多少、然後、年紀、竟然,0103021140109,https://pedia.cloud.edu.tw/Bookmark/TCollection?TextNameId=0103021140109
114,二年級,上學期,第10課,第十課：新年快樂,18,13,2,雪、梨、夜、卻、冷、冬、臺、季、相、反、煙、火、待、雖、春、貨、期、飯,灣、綻,雪梨、冬天、臺灣、季節、相反、煙火、等待、綻放、雖然、春節、年貨、期待、年夜飯,0103021140110,https://pedia.cloud.edu.tw/Bookmark/TCollection?TextNameId=0103021140110
114,二年級,上學期,第11課,第十一課：遠方來的黑皮,18,11,2,皮、具、飛、者、洋、寒、北、嘴、伸、飽、沙、急、服、站、翅、膀、充、念,戴、扁,面具、舞者、海洋、寒冷、北方、沙子、著急、衣服、翅膀、充滿、思念,0103021140111,https://pedia.cloud.edu.tw/Bookmark/TCollection?TextNameId=0103021140111
114,二年級,上學期,第12課,第十二課：我愛冬天,18,14,1,灰、涼、牠、鼓、絡、欣、發、居、冒、冰、圍、咪、幸、團、聚、愉、鍋、妙,聊,牠們、圓鼓鼓、熱絡、聊天、欣喜、發現、居然、冒煙、笑咪咪、幸福、團聚、愉快、火鍋、美妙,0103021140112,https://pedia.cloud.edu.tw/Bookmark/TCollection?TextNameId=0103021140112
114,二年級,下學期,第1課,第一課：春天的顏色,15,12,2,顏、池、塘、藍、田、洞、綠、蜜、蜂、窩、粉、桃、興、處、景,鼠、燕,顏色、池塘、田鼠、地洞、蜜蜂、蜂窩、粉紅、桃花、高興、燕子、到處、景色,0103021140201,https://pedia.cloud.edu.tw/Bookmark/TCollection?TextNameId=0103021140201
114,二年級,下學期,第2課,第二課：花衣裳,18,11,2,裳、驚、所、躲、房、間、討、論、指、裙、而、且、紫、將、工、合、貼、候,剪、慶,衣裳、驚喜、所以、房間、討論、裙子、而且、紫色、分工合作、時候、慶生,0103021140202,https://pedia.cloud.edu.tw/Bookmark/TCollection?TextNameId=0103021140202
114,二年級,下學期,第3課,第三課：彩色王國,18,16,2,座、對、微、表、各、突、強、被、綻、特、舌、賞、果、定、互、換、共、漸,壞、融,一座、微笑、表情、各自、突然、變壞、強風、綻放、奇特、七嘴八舌、欣賞、如果、一定、互換、共同、漸漸,0103021140203,https://pedia.cloud.edu.tw/Bookmark/TCollection?TextNameId=0103021140203
114,二年級,下學期,第4課,第四課：爸爸,18,14,2,散、芒、透、暗、照、掛、角、揚、星、閃、晶、當、睡、悄、常、旁、臂、永,窗、避,散發、光芒、透過、照亮、嘴角、星星、一閃、亮晶晶、睡著、悄悄、時常、臂膀、永遠、避風港,0103021140204,https://pedia.cloud.edu.tw/Bookmark/TCollection?TextNameId=0103021140204
114,二年級,下學期,第5課,第五課：我的家人,18,13,2,剛、品、爺、採、蕉、軍、告、訴、辛、苦、流、堅、固、安、寶、貝、幅、管,機、蓋,剛剛、作品、爺爺、採收、香蕉、軍人、飛機、告訴、辛苦、堅固、安全、寶貝、不管,0103021140205,https://pedia.cloud.edu.tw/Bookmark/TCollection?TextNameId=0103021140205
114,二年級,下學期,第6課,第六課：愛笑的大樹,18,11,2,教、室、棵、及、終、立、刻、抱、並、猜、文、借、枝、鉛、校、車、哥、牛,騎、踏,教室、來不及、終於、立刻、並且、課文、鉛筆、校園、腳踏車、哥哥、牛排,0103021140206,https://pedia.cloud.edu.tw/Bookmark/TCollection?TextNameId=0103021140206
114,二年級,下學期,第7課,第七課：月光河,18,14,2,久、條、祕、兔、其、猴、病、探、體、惜、無、辦、之、請、鼻、吸、模、度,挖、坑,神祕、白兔、其他、猴子、生病、探望、身體、可惜、無法、辦法、之後、鼻子、一模一樣、度過,0103021140207,https://pedia.cloud.edu.tw/Bookmark/TCollection?TextNameId=0103021140207
114,二年級,下學期,第8課,第八課：黃狗生蛋,18,14,2,狗、雞、經、怪、羊、鴨、信、錯、睛、仔、細、能、消、傳、嚇、忍、住、顧,議、鴕,經過、奇怪、不可思議、山羊、鴨子、鴕鳥、相信、沒錯、眼睛、仔細、不可能、消息、忍不住、照顧,0103021140208,https://pedia.cloud.edu.tw/Bookmark/TCollection?TextNameId=0103021140208
114,二年級,下學期,第9課,第九課：神筆馬良,18,9,2,良、孩、錢、醒、尾、巴、村、貪、皇、帝、派、抓、銀、准、島、元、波、浪,艘、掀,馬良、孩子、尾巴、村子、貪心、皇帝、不准、元寶、掀起,0103021140209,https://pedia.cloud.edu.tw/Bookmark/TCollection?TextNameId=0103021140209
114,二年級,下學期,第10課,第十課：小熊的邀請,18,9,2,熊、朝、踮、尖、木、架、些、足、蹈、轉、趕、耳、啄、袋、鼠、摸、讀、琅,邀、蹦,邀請、朝陽、一些、手舞足蹈、趕著、耳朵、袋鼠、蹦蹦跳跳、琅琅,0103021140210,https://pedia.cloud.edu.tw/Bookmark/TCollection?TextNameId=0103021140210
114,二年級,下學期,第11課,第十一課：小讀者樂園,18,16,2,圖、館、參、題、士、講、甲、形、志、約、數、迎、交、令、世、界、險、庫,索、奧,圖書館、參加、主題、大力士、主講、甲蟲、外形、志工、數學、歡迎、交流、世界、冒險、寶庫、探索、奧祕,0103021140211,https://pedia.cloud.edu.tw/Bookmark/TCollection?TextNameId=0103021140211
114,二年級,下學期,第12課,第十二課：巨人山,17,12,0,巨、累、髮、根、牆、狂、呼、差、睜、緊、餓、百、食、桶、倒、量、底,,巨人、頭髮、樹根、城牆、狂風、呼吸、差點兒、睜開、趕緊、食物、分量、到底,0103021140212,https://pedia.cloud.edu.tw/Bookmark/TCollection?TextNameId=0103021140212
114,三年級,上學期,第1課,第一課：心的悄悄話,13,6,0,字、舟、灑、載、讓、愁、嘆、忌、妒、訣、似、練、習,,發愁、嘆息、忌妒、口訣、看似、練習,0103031140101,https://pedia.cloud.edu.tw/Bookmark/TCollection?TextNameId=0103031140101
114,三年級,上學期,第2課,第二課：妙故事點點名,14,15,4,名、窗、戶、板、答、案、專、穫、已、傘、喊、章、詞、語,歪、霧、晃、亂,點名、歪打正著、窗戶、霧裡看花、黑板、答案、專心、收穫、晃動、已經、手忙腳亂、雨傘、喊叫、文章、詞語,0103031140102,https://pedia.cloud.edu.tw/Bookmark/TCollection?TextNameId=0103031140102
114,三年級,上學期,第3課,第三課：繞口令村,14,12,4,繞、由、迷、失、岸、撞、扶、急、店、機、料、實、留、觀,暴、闆、葡、萄,繞口令、由於、暴風雨、迷失、上岸、老闆、飛機、用料、實在、葡萄、停留、參觀,0103031140103,https://pedia.cloud.edu.tw/Bookmark/TCollection?TextNameId=0103031140103
114,三年級,上學期,第4課,第四課：小丑魚和海葵,14,11,4,露、懷、居、準、射、刺、痛、使、毒、欺、負、感、遇、危,丑、葵、擺、觸,小丑魚、海葵、擺動、露出、不懷好意、居心不良、觸手、欺負、感動、遇到、危險,0103031140104,https://pedia.cloud.edu.tw/Bookmark/TCollection?TextNameId=0103031140104
114,三年級,上學期,第5課,第五課：飛舞的絲帶,14,11,4,朝、努、總、段、利、害、整、該、紙、李、貴、必、通、場,絲、導、綁、鬆,絲帶、朝會、努力、指導、利用、整排、紙條、鬆了一口氣、必定、通通、操場,0103031140105,https://pedia.cloud.edu.tw/Bookmark/TCollection?TextNameId=0103031140105
114,三年級,上學期,第6課,第六課：小女生,14,13,4,女、非、關、澡、怕、應、平、毛、肚、蓋、摸、柔、揉、副,喵、茸、黏、膠,女生、非常、喵喵、關門、洗澡、哪怕、回應、平時、毛茸茸、肚子、一副、黏人、膠水,0103031140106,https://pedia.cloud.edu.tw/Bookmark/TCollection?TextNameId=0103031140106
114,三年級,上學期,第7課,第七課：淡水小鎮,14,8,0,統、商、阿、婆、鐵、硬、愈、嚼、蒼、坡、憶、夕、盪、網,,傳統、商行、阿婆、蒼老、山坡、回憶、夕陽、搖盪,0103031140107,https://pedia.cloud.edu.tw/Bookmark/TCollection?TextNameId=0103031140107
114,三年級,上學期,第8課,第八課：安平古堡參觀記,14,16,6,育、史、型、功、敗、守、護、勇、兵、土、附、瞭、頂、標,博、荷、蘭、鄭、駐、炮,教育、博物館、史料、模型、荷蘭、鄭成功、打敗、駐守、守護、勇敢、士兵、土地、附近、瞭望臺、屋頂、地標,0103031140108,https://pedia.cloud.edu.tw/Bookmark/TCollection?TextNameId=0103031140108
114,三年級,上學期,第9課,第九課：馬太鞍的巴拉告,14,11,3,溼、族、別、捕、式、造、層、竹、植、或、釣、智、慧、態,鞍、蓮、蝦,溼地、阿美族、特別、捕魚、方式、打造、竹子、植物、釣魚、智慧、生態,0103031140109,https://pedia.cloud.edu.tw/Bookmark/TCollection?TextNameId=0103031140109
114,三年級,上學期,第10課,第十課：狐狸的故事,14,8,2,狐、里、兄、密、入、呀、踢、棄、酸、鴉、肉、塊、計、壯,狸、萬,狐狸、萬里、兄弟、祕密、放棄、烏鴉、妙計、強壯,0103031140110,https://pedia.cloud.edu.tw/Bookmark/TCollection?TextNameId=0103031140110
114,三年級,上學期,第11課,第十一課：巨人的花園,14,10,3,悅、拜、訪、免、離、漫、盼、枯、鑽、恍、悟、拆、盛、隨,築、顯、極,愉悅、拜訪、免得、離開、顯得、漫長、乾枯、恍然大悟、拆除、盛開,0103031140111,https://pedia.cloud.edu.tw/Bookmark/TCollection?TextNameId=0103031140111
114,三年級,上學期,第12課,第十二課：奇特的朋友,14,11,1,障、漠、綿、央、男、複、疑、算、歲、帽、退、吞、蛇、訝,蠎,故障、沙漠、綿羊、中央、重複、疑問、打算、帽子、後退、蟒蛇、驚訝,0103031140112,https://pedia.cloud.edu.tw/Bookmark/TCollection?TextNameId=0103031140112
114,三年級,下學期,第1課,第一課：許願,14,10,3,願、晨、苗、徐、嫩、築、巢、虔、誠、爛、杜、鮮、耀、翔,燦、鵑、豔,許願、晨光、樹苗、徐徐、虔誠、燦爛、杜鵑花、鮮豔、耀眼、飛翔,0103031140201,https://pedia.cloud.edu.tw/Bookmark/TCollection?TextNameId=0103031140201
114,三年級,下學期,第2課,第二課：下雨的時候,14,10,3,披、紗、順、垂、股、涼、覺、舒、味、軟、踩、陷、連、摺,撐、簷、溝,輕紗、屋簷、垂掛、一股、清涼、感覺、舒服、味道、水溝、連忙,0103031140202,https://pedia.cloud.edu.tw/Bookmark/TCollection?TextNameId=0103031140202
114,三年級,下學期,第3課,第三課：遇見美如奶奶,14,13,4,髮、鏡、架、拾、區、吵、麻、腦、電、展、術、助、製、椅,戴、雀、魔、號,短髮、眼鏡、書架、收拾、吵鬧、麻雀、魔法、暗號、腦子、電腦、魔術、幫助、特製,0103031140203,https://pedia.cloud.edu.tw/Bookmark/TCollection?TextNameId=0103031140203
114,三年級,下學期,第4課,第四課：工匠之祖,14,13,4,匠、祖、宮、惱、便、解、斧、割、鋒、速、善、察、考、尺,魯、鈍、齒、鋸,工匠、魯班、王宮、苦惱、了解、斧頭、鋒利、速度、鋸子、善於、觀察、思考、曲尺,0103031140204,https://pedia.cloud.edu.tw/Bookmark/TCollection?TextNameId=0103031140204
114,三年級,下學期,第5課,第五課：學田鼠開路,14,12,4,市、倫、決、糾、紛、律、改、挖、設、議、員、付、費、建,敦、爾、擁、擠,城市、倫敦、解決、糾紛、律師、改善、擁擠、設計、市議會、議員、費用、建議,0103031140205,https://pedia.cloud.edu.tw/Bookmark/TCollection?TextNameId=0103031140205
114,三年級,下學期,第6課,第六課：神奇密碼,14,17,4,慶、描、目、程、結、資、影、周、例、產、券、包、類、技,碼、票、省、優,密碼、校慶、掃描、節目、流程、連結、資料、影音、車票、周圍、節省、例如、生產、優待券、錢包、人類、科技,0103031140206,https://pedia.cloud.edu.tw/Bookmark/TCollection?TextNameId=0103031140206
114,三年級,下學期,第7課,第七課：油桐花．五月雪,14,12,4,桐、初、夏、腰、取、抬、梢、禮、肩、掌、瓣、鋪、童、染,覆、椏、簇、蕊,油桐、初夏、山腰、覆蓋、抬頭、枝椏、樹梢、禮服、肩頭、巴掌、花瓣、童話,0103031140207,https://pedia.cloud.edu.tw/Bookmark/TCollection?TextNameId=0103031140207
114,三年級,下學期,第8課,第八課：大自然的美術館,14,12,4,野、柳、質、岬、趴、仙、列、潤、岩、菇、豆、雕、塑、鬼,龜、燭、濺、腐,野柳、地質、烏龜、仙女、排列、燭臺、圓潤、岩石、香菇、豆腐、雕塑、鬼斧神工,0103031140208,https://pedia.cloud.edu.tw/Bookmark/TCollection?TextNameId=0103031140208
114,三年級,下學期,第9課,第九課：臺灣的山椒魚,14,11,4,灣、冰、爬、陸、肺、膚、黏、液、保、持、敵、縫、伐、球,椒、鰓、隙、卵,臺灣、冰河、陸地、皮膚、黏液、保持、敵人、縫隙、產卵、砍伐、地球,0103031140209,https://pedia.cloud.edu.tw/Bookmark/TCollection?TextNameId=0103031140209
114,三年級,下學期,第10課,第十課：漁夫和金魚,14,10,4,漁、夫、婦、拖、求、恩、報、盆、值、寬、暴、聊、隆、破,藻、濤、僕、轟,漁夫、夫婦、水藻、恩情、回報、波濤、風暴、僕人、無聊、轟隆,0103031140210,https://pedia.cloud.edu.tw/Bookmark/TCollection?TextNameId=0103031140210
114,三年級,下學期,第11課,第十一課：聰明的鼠鹿,14,9,2,鹿、幕、虎、布、夠、損、威、餐、填、理、胃、撲、槍、逃,獵、砰,老虎、布幕、不夠、威風、晚餐、道理、獵人、胃口、逃跑,0103031140211,https://pedia.cloud.edu.tw/Bookmark/TCollection?TextNameId=0103031140211
114,三年級,下學期,第12課,第十二課：還要跌幾次,14,10,1,跌、陡、民、措、編、謠、提、伯、萬、糟、糕、唉、救、毫,跤,村民、驚慌失措、歌謠、提醒、老伯、跌跤、千萬、糟糕、唉聲嘆氣、毫無,0103031140212,https://pedia.cloud.edu.tw/Bookmark/TCollection?TextNameId=0103031140212
114,四年級,上學期,第1課,第一課：水陸小高手,15,10,0,泳、串、般、姿、溜、耳、鷹、滑、遨、緩、陀、螺、轉、躍、煩,,游泳、一般、多采多姿、滑行、遨遊、緩緩、陀螺、轉身、水陸、煩惱,0103041140101,https://pedia.cloud.edu.tw/Bookmark/TCollection?TextNameId=0103041140101
114,四年級,上學期,第2課,第二課：放學後,15,11,0,招、湯、拋、糧、姐、爭、警、偷、則、繩、依、捨、束、暫、幸,,招招手、食糧、姐姐、爭吵、警察、小偷、跳繩、依依不捨、結束、暫停、幸福,0103041140102,https://pedia.cloud.edu.tw/Bookmark/TCollection?TextNameId=0103041140102
114,四年級,上學期,第3課,第三課：我的籃球夢,15,10,0,社、邀、與、遙、投、熟、巧、彈、曾、揮、彼、秒、喧、優、弧,,邀約、遙不可及、熟能生巧、反彈、不曾、指揮、此起彼落、喧鬧、優美、弧線,0103041140103,https://pedia.cloud.edu.tw/Bookmark/TCollection?TextNameId=0103041140103
114,四年級,上學期,第4課,第四課：永遠的馬偕,15,13,0,偕、醫、命、奉、獻、療、衛、藥、治、翻、嶺、捐、宿、堂、濃,,馬偕、醫院、生命、奉獻、醫療、衛生、藥品、治病、翻山越嶺、捐錢、食宿、學堂、濃濃,0103041140104,https://pedia.cloud.edu.tw/Bookmark/TCollection?TextNameId=0103041140104
114,四年級,上學期,第5課,第五課：假如給我三天光明,15,13,0,凱、勒、業、勵、寧、視、注、憑、蓓、蕾、何、毯、適、繽、盡,,海倫‧凱勒、學業、勵志、寧靜、視力、注意、單憑、蓓蕾、任何、地毯、舒適、五彩繽紛、盡力,0103041140105,https://pedia.cloud.edu.tw/Bookmark/TCollection?TextNameId=0103041140105
114,四年級,上學期,第6課,第六課：攀登生命的高峰,15,7,0,秀、稱、朗、登、穆、瑪、峰、母、酷、磨、攀、氧、訓、谷、響,,開朗、母親、冷酷、磨練、攀登、訓練、谷底,0103041140106,https://pedia.cloud.edu.tw/Bookmark/TCollection?TextNameId=0103041140106
114,四年級,上學期,第7課,第七課：美味的一堂課,15,10,0,薄、烙、沾、咖、哩、印、甩、材、醬、義、麵、郁、壽、醋、未,,咖哩、印度、甩餅、食材、醬料、義大利、麵條、濃郁、壽司、未知,0103041140107,https://pedia.cloud.edu.tw/Bookmark/TCollection?TextNameId=0103041140107
114,四年級,上學期,第8課,第八課：建築界的長頸鹿,15,9,0,臨、樓、頸、代、濟、阻、尼、器、震、京、晴、塔、訊、吉、橋,,居高臨下、大樓、長頸鹿、代表、經濟、地震、通訊、吉隆坡、連通橋,0103041140108,https://pedia.cloud.edu.tw/Bookmark/TCollection?TextNameId=0103041140108
114,四年級,上學期,第9課,第九課：請到我的家鄉來,15,12,0,佛、泰、廟、華、尚、逛、埃、羅、勢、窪、堤、防、潮、鬱、划,,泰國、華麗、和尚、逛逛、埃及、尼羅河、地勢、低窪、築堤、防潮、鬱金香、划船,0103041140109,https://pedia.cloud.edu.tw/Bookmark/TCollection?TextNameId=0103041140109
114,四年級,上學期,第10課,第十課：奇幻旋律,15,9,0,幻、旋、扁、瞬、驗、牙、芝、盜、邁、困、龐、搓、榮、富、遍,,奇幻、旋律、一瞬間、體驗、芝麻、大盜、邁開、臉龐、榮華富貴,0103041140110,https://pedia.cloud.edu.tw/Bookmark/TCollection?TextNameId=0103041140110
114,四年級,上學期,第11課,第十一課：兔子先生等等我,15,11,0,背、錶、掉、深、鎖、鑰、匙、汁、示、迫、袋、哭、盒、扇、遲,,背心、懷錶、上鎖、鑰匙、果汁、標示、迫不及待、口袋、盒子、扇子、遲到,0103041140111,https://pedia.cloud.edu.tw/Bookmark/TCollection?TextNameId=0103041140111
114,四年級,上學期,第12課,第十二課：老鞋匠和小精靈,15,12,0,妻、耐、革、賣、倍、謎、鐘、敲、靈、鎚、嘖、足、蹈、蹦、內,,妻子、耐心、皮革、雙倍、謎團、鐘聲、小精靈、鐵鎚、嘖嘖稱奇、手舞足蹈、蹦蹦跳跳、內心,0103041140112,https://pedia.cloud.edu.tw/Bookmark/TCollection?TextNameId=0103041140112
114,四年級,下學期,第1課,第一課：一束鮮花,15,10,0,潔、環、境、甚、至、懶、梳、髒、臭、雜、調、叢、暢、格、言,,潔白、環境、甚至、懶散、雜亂、調和、雜草叢生、舒暢、格格不入、自言自語,0103041140201,https://pedia.cloud.edu.tw/Bookmark/TCollection?TextNameId=0103041140201
114,四年級,下學期,第2課,第二課：心動不如行動,15,9,0,川、缺、窮、繼、研、既、租、備、缽、緣、達、慚、愧、慮、絆,,窮困、三餐不繼、研讀、準備、化緣、到達、慚愧、顧慮、絆腳石,0103041140202,https://pedia.cloud.edu.tw/Bookmark/TCollection?TextNameId=0103041140202
114,四年級,下學期,第3課,第三課：選拔動物之星,15,11,0,啟、宣、選、勤、健、厲、蝸、寸、駱、駝、皺、眉、艘、艇、拭,,啟事、宣傳、選拔、勤奮、剛健、厲害、蝸牛、駱駝、眉頭、遊艇、拭目以待,0103041140203,https://pedia.cloud.edu.tw/Bookmark/TCollection?TextNameId=0103041140203
114,四年級,下學期,第4課,第四課：米食飄香,15,8,0,稻、米、粒、蘿、蔔、漿、蒸、鹹、財、粿、艾、康、粽、推、陳,,稻米、蘿蔔糕、米漿、發財、艾草、健康、粽子、推陳出新,0103041140204,https://pedia.cloud.edu.tw/Bookmark/TCollection?TextNameId=0103041140204
114,四年級,下學期,第5課,第五課：讀書報告-藍色小洋裝,15,10,0,籍、繪、版、介、峽、玉、泣、敏、癢、麥、封、淺、查、酵、讚,,書籍、出版、簡介、哭泣、過敏、發癢、麥芽糖、封面、發酵、讚嘆,0103041140205,https://pedia.cloud.edu.tw/Bookmark/TCollection?TextNameId=0103041140205
114,四年級,下學期,第6課,第六課：我愛鹿港,15,9,0,插、拌、磚、昂、繁、葫、蘆、彎、狹、窄、喻、曉、井、芬、芳,,穿插、紅磚、昂貴、繁榮、葫蘆、彎彎曲曲、狹窄、家喻戶曉、芬芳,0103041140206,https://pedia.cloud.edu.tw/Bookmark/TCollection?TextNameId=0103041140206
114,四年級,下學期,第7課,第七課：未來的模樣,15,11,0,跡、移、搭、輸、鍵、盤、饑、荒、配、均、遷、致、惡、攜、眨,,足跡、移動、傳輸、鍵盤、饑荒、分配、平均、變遷、導致、惡化、攜手,0103041140207,https://pedia.cloud.edu.tw/Bookmark/TCollection?TextNameId=0103041140207
114,四年級,下學期,第8課,第八課：動物老師的智慧,15,11,0,眾、領、獨、厚、蹼、趾、膜、構、潛、易、壁、舉、究、肢、絕,,與眾不同、看家本領、得天獨厚、腳趾、構造、輕易、壁虎、輕而易舉、研究、肢體、身懷絕技,0103041140208,https://pedia.cloud.edu.tw/Bookmark/TCollection?TextNameId=0103041140208
114,四年級,下學期,第9課,第九課：向太空出發,15,10,0,僅、號、姆、斯、仍、津、嘗、試、測、署、億、翁、嚮、引、催,,不僅、阿姆斯壯、津津樂道、嘗試、探測、太空總署、大富翁、嚮往、吸引、催生,0103041140209,https://pedia.cloud.edu.tw/Bookmark/TCollection?TextNameId=0103041140209
114,四年級,下學期,第10課,第十課：小青蛙想看海,15,11,0,豪、忽、瞧、灘、苔、滾、禁、際、廣、丈、災、旱、耗、遺、憾,,自豪、忽然、打滾、禁不住、一望無際、寬廣、萬丈、水災、旱災、耗盡、遺憾,0103041140210,https://pedia.cloud.edu.tw/Bookmark/TCollection?TextNameId=0103041140210
114,四年級,下學期,第11課,第十一課：窗前的月光,15,10,0,皎、瘦、嫦、娥、搗、吳、霜、映、勾、浮、盞、否、舊、淚、孤,,皎潔、嫦娥、吳剛、冰霜、映照、浮現、是否、依舊、淚水、孤單,0103041140211,https://pedia.cloud.edu.tw/Bookmark/TCollection?TextNameId=0103041140211
114,四年級,下學期,第12課,第十二課：如來佛的手掌心,15,10,0,乖、筋、斗、箍、喚、掀、修、咒、橘、擋、掏、齊、聖、砰、壓,,乖乖、筋斗雲、金箍棒、呼風喚雨、掀翻、修行、咒語、掏出、齊天大聖、壓住,0103041140212,https://pedia.cloud.edu.tw/Bookmark/TCollection?TextNameId=0103041140212
114,五年級,上學期,第1課,第一課：蚊帳大使,18,10,0,蚊、帳、洲、瘧、疾、死、叮、存、募、集、寄、贈、獎、狀、藏、誌、基、赴,,蚊帳、非洲、瘧疾、募集、捐贈、獎狀、收藏、雜誌、基金會、全力以赴,0103051140101,https://pedia.cloud.edu.tw/Bookmark/TCollection?TextNameId=0103051140101
114,五年級,上學期,第2課,第二課：從空中看臺灣,18,16,0,德、乎、血、攝、颱、錄、哀、巒、縱、臍、禍、殘、檳、榔、降、鏟、汙、斷,,德國、似乎、血液、拍攝、颱風、記錄、哀愁、山巒、縱谷、臍帶、人禍、殘破、檳榔、降低、汙水、不斷,0103051140102,https://pedia.cloud.edu.tw/Bookmark/TCollection?TextNameId=0103051140102
114,五年級,上學期,第3課,第三課：攀岩高手,18,15,0,峭、勁、聳、飢、隱、扯、銳、箭、韌、虯、鬚、茂、止、蔓、藉、豐、挫、折,,陡峭、強勁、高聳、充飢、隱形、尖銳、冷箭、堅韌、虯鬚、繁茂、休止、蔓生、藉由、豐富、挫折,0103051140103,https://pedia.cloud.edu.tw/Bookmark/TCollection?TextNameId=0103051140103
114,五年級,上學期,第4課,第四課：恆久的美,19,14,0,恆、澄、穗、養、源、藝、樸、堆、撿、巾、痠、素、尊、嚴、勞、怨、慷、慨、滋,,恆久、黃澄澄、稻穗、養活、來源、藝術家、樸實、撿拾、頭巾、樸素、尊嚴、任勞任怨、慷慨、滋潤,0103051140104,https://pedia.cloud.edu.tw/Bookmark/TCollection?TextNameId=0103051140104
114,五年級,上學期,第5課,第五課：它抓得住你—商標的故事,18,14,0,譽、務、聯、核、申、局、松、註、冊、企、毅、歷、英、銷、售、勝、霸、項,,商譽、服務、關聯、核准、申請、黑松、註冊、企業、堅毅不拔、歷經、英文、銷售、霸主、項目,0103051140105,https://pedia.cloud.edu.tw/Bookmark/TCollection?TextNameId=0103051140105
114,五年級,上學期,第6課,第六課：故事「動」起來,20,19,0,娛、汽、哨、典、框、劇、父、責、判、鳴、穎、獲、佳、膩、效、隊、益、貌、官、增,,娛樂、汽船、口哨、經典、框架、劇情、父母、負責、判斷力、共鳴、脫穎而出、榮獲、細膩、效果、團隊、精益求精、樣貌、感官、增加,0103051140106,https://pedia.cloud.edu.tw/Bookmark/TCollection?TextNameId=0103051140106
114,五年級,上學期,第7課,第七課：為生命找到出口,19,12,0,逆、穩、憐、競、抗、逸、鄰、脈、絡、緻、弱、噴、嚏、織、碌、盎、膽、圈、疲,,逆風、可憐、物競天擇、好逸惡勞、鄰居、脈絡、精緻、脆弱、噴嚏、忙碌、興味盎然、精疲力盡,0103051140107,https://pedia.cloud.edu.tw/Bookmark/TCollection?TextNameId=0103051140107
114,五年級,上學期,第8課,第八課：最勇敢的女孩,18,14,0,坦、性、恐、怖、組、占、播、控、制、傷、攻、擊、權、脅、復、武、撼、懼,,巴基斯坦、女性、恐怖、組織、霸占、廣播、控制、受傷、攻擊、威脅、康復、武器、震撼、恐懼,0103051140108,https://pedia.cloud.edu.tw/Bookmark/TCollection?TextNameId=0103051140108
114,五年級,上學期,第9課,第九課：在挫折中成長,19,16,0,維、戰、崎、嶇、拳、癌、症、銅、牌、屢、減、予、幼、椰、即、腐、衝、鍛、鍊,,維持、奮戰、崎嶇、拳擊、癌症、銅牌、屢屢、減少、給予、幼芽、椰子、即使、腐爛、衝擊、鍛造、鍛鍊,0103051140109,https://pedia.cloud.edu.tw/Bookmark/TCollection?TextNameId=0103051140109
114,五年級,上學期,第10課,第十課：山中寄情,19,13,0,唐、恬、罷、暮、掩、柴、扉、歸、畢、陋、傍、確、閒、詠、幽、眠、職、吟、曠,,唐朝、恬淡、日暮、柴扉、完畢、簡陋、傍晚、確定、閒適、幽人、官職、吟唱、空曠,0103051140110,https://pedia.cloud.edu.tw/Bookmark/TCollection?TextNameId=0103051140110
114,五年級,上學期,第11課,第十一課：與達駭黑熊走入山林,19,13,0,駭、疤、痕、罐、咚、碰、傾、寮、營、殺、崇、置、奄、翼、祈、禱、吼、喉、嚨,,疤痕、鐵罐、咚咚、碰運氣、傾盆、營火、崇拜、棄置、奄奄一息、小心翼翼、祈禱、吼聲、喉嚨,0103051140111,https://pedia.cloud.edu.tw/Bookmark/TCollection?TextNameId=0103051140111
114,五年級,上學期,第12課,第十二課：荒島上的國王,19,13,0,烈、暈、昏、艙、途、捲、喪、獸、渾、擱、礁、筏、塌、捏、燒、臼、烤、爐、欲,,劇烈、暈船、黃昏、船艙、途中、野獸、渾身、擱淺、礁岩、木筏、倒塌、烤爐、躍躍欲試,0103051140112,https://pedia.cloud.edu.tw/Bookmark/TCollection?TextNameId=0103051140112
114,五年級,下學期,第1課,第一課：你會怎麼回答,19,16,0,簽、遞、傻、瓜、若、續、痺、患、握、艱、博、聆、埋、稿、雷、擔、談、懸、符,,簽名、傻瓜、神態自若、繼續、腦性麻痺、患者、艱辛、博士、聆聽、埋怨、寫稿、如雷、擔任、高談闊論、口若懸河、標點符號,0103051140201,https://pedia.cloud.edu.tw/Bookmark/TCollection?TextNameId=0103051140201
114,五年級,下學期,第2課,第二課：智救養馬人,18,12,0,匹、怒、廷、妥、諫、閉、覷、犯、罪、仁、政、斥、蒙、羞、懂、委、婉、勸,,怒氣、朝廷、不妥、進諫、緊閉、面面相覷、仁政、喝斥、蒙羞、不懂、委婉、勸諫,0103051140202,https://pedia.cloud.edu.tw/Bookmark/TCollection?TextNameId=0103051140202
114,五年級,下學期,第3課,第三課：真正的「聰明」,17,13,0,輛、姍、抵、迅、返、率、梭、隼、較、贏、逐、遭、評、普、價、承、搏,,姍姍來遲、抵達、迅速、折返、率先、穿梭、較量、競逐、遭遇、評斷、普通人、價值、承認,0103051140203,https://pedia.cloud.edu.tw/Bookmark/TCollection?TextNameId=0103051140203
114,五年級,下學期,第4課,第四課：小記者，出動！,19,16,0,診、繃、緒、疫、篩、偉、雄、補、驟、菊、罩、塵、槌、餘、撥、廓、拼、湊、骨,,急診、緊繃、情緒、疫情、偉大、英雄、修補、步驟、菊石、防塵、槌子、多餘、撥開、輪廓、拼湊、骨架,0103051140204,https://pedia.cloud.edu.tw/Bookmark/TCollection?TextNameId=0103051140204
114,五年級,下學期,第5課,第五課：奇幻光芒的祕密,19,14,0,盈、浸、稀、儲、寵、寂、螢、仿、彿、悉、賦、龍、冠、鳳、紋、飾、閱、激、湧,,輕盈、沉浸、稀奇古怪、儲藏、寵物、寂靜、螢幕、彷彿、熟悉、賦予、龍冠鳳紋玉飾、閱讀、激發、湧現,0103051140205,https://pedia.cloud.edu.tw/Bookmark/TCollection?TextNameId=0103051140205
114,五年級,下學期,第6課,第六課：人「聲」就是戲,19,14,0,份、睹、杯、奏、盯、燦、魔、嗓、啞、咳、促、喘、吁、伏、唷、須、憂、詮、魅,,先睹為快、節奏、燦爛、魔法、嗓音、沙啞、急促、氣喘吁吁、埋伏、唉唷、必須、忽喜忽憂、詮釋、魅力,0103051140206,https://pedia.cloud.edu.tw/Bookmark/TCollection?TextNameId=0103051140206
114,五年級,下學期,第7課,第七課：題西林壁,15,10,0,淵、凡、擅、亦、橫、側、廬、江、寺、霧、瀰、延、含、哲、謂,,學問淵博、不凡、擅長、廬山、煙霧、瀰漫、綿延、隱含、哲理、所謂,0103051140207,https://pedia.cloud.edu.tw/Bookmark/TCollection?TextNameId=0103051140207
114,五年級,下學期,第8課,第八課：海洋的殺手,19,16,0,珊、瑚、積、噸、垃、圾、循、菌、鉤、鏈、孔、倖、鯨、據、宜、估、廢、踐、殼,,珊瑚、面積、公噸、垃圾、循環、細菌、食物鏈、無孔不入、無一倖免、鯨魚、根據、便宜、估計、廢棄物、實踐、貝殼,0103051140208,https://pedia.cloud.edu.tw/Bookmark/TCollection?TextNameId=0103051140208
114,五年級,下學期,第9課,第九課：你想做人魚嗎？,19,14,0,涵、葵、鯊、豚、抹、汐、譟、鏽、錨、牧、窺、筒、琉、璃、凸、襯、托、玻、玻,,海涵、海葵、鯊魚、海豚、抹香鯨、潮汐、鼓譟、牧場、氧氣筒、琉璃、凸顯、襯托、見證、玻璃,0103051140209,https://pedia.cloud.edu.tw/Bookmark/TCollection?TextNameId=0103051140209
114,五年級,下學期,第10課,第十課：玉米人的奇蹟,18,15,0,蹟、蕩、吶、洪、誕、沼、澤、豹、栩、跺、葦、堪、洶、鵡、狼、雅、挑、剔,,奇蹟、空空蕩蕩、吶喊、洪水、誕生、沼澤、美洲豹、栩栩如生、蘆葦、難堪、波濤洶湧、鸚鵡、土狼、優雅、挑剔,0103051140210,https://pedia.cloud.edu.tw/Bookmark/TCollection?TextNameId=0103051140210
114,五年級,下學期,第11課,第十一課：幸福的火苗,19,14,0,婪、嚎、群、抖、疼、魂、規、違、駕、屑、瀑、瀉、燃、噬、籠、焰、霆、俯、啄,,貪婪、發抖、心疼、靈魂、規定、違反、瀑布、流瀉、吞噬、籠罩、火焰、大發雷霆、俯衝、啄食,0103051140211,https://pedia.cloud.edu.tw/Bookmark/TCollection?TextNameId=0103051140211
114,五年級,下學期,第12課,第十二課：神農嘗百草,17,12,0,穀、亡、授、臟、誤、眩、燥、咀、嗚、犧、牲、赭、鞭、檢、藤、摘、佑,,穀物、死亡、傳授、內臟、頭暈目眩、口乾舌燥、咀嚼、一命嗚呼、犧牲、檢驗、藤蔓、保佑,0103051140212,https://pedia.cloud.edu.tw/Bookmark/TCollection?TextNameId=0103051140212
114,六年級,上學期,第1課,第一課：跑道,19,17,0,級、軸、奪、屈、偏、搬、恨、抑、拒、尷、尬、悔、拱、距、默、鬥、扭、猛、愣,,年級、壓軸、爭奪、委屈、偏心、搬運、怨恨、抑制、拒絕、尷尬、後悔、拱手讓人、距離、默默、鬥志、扭曲、猛然,0103061140101,https://pedia.cloud.edu.tw/Bookmark/TCollection?TextNameId=0103061140101
114,六年級,上學期,第2課,第二課：朱子治家格言選,19,10,0,粥、縷、碗、綢、繆、毋、掘、纏、縛、瓦、缶、蔬、饈、腹、惠、勿、凡、預、悲,,綢繆、掘井、纏繞、束縛、瓦缶、珍饈、施惠、凡事、預留、樂極生悲,0103061140102,https://pedia.cloud.edu.tw/Bookmark/TCollection?TextNameId=0103061140102
114,六年級,上學期,第3課,第三課：談遇見更好的自己,17,14,0,揭、卓、培、裁、瑣、仲、耕、賺、穎、惋、欠、驕、傲、昨、耘、隔、茁,,揭示、卓越、培養、總裁、瑣事、耕田、賺錢、聰穎、惋惜、欠缺、驕傲自滿、昨天、耕耘、茁壯,0103061140103,https://pedia.cloud.edu.tw/Bookmark/TCollection?TextNameId=0103061140103
114,六年級,上學期,第4課,第四課：臺灣美食詩選,17,11,0,鼎、擠、颳、廚、淋、晒、覆、筍、醃、攪、炸、瑩、饗、宴、彰、煮、豬,,鼎邊趖、颳風、廚師、晒乾、包覆、竹筍、醃製、攪拌、油炸、晶瑩、饗宴,0103061140104,https://pedia.cloud.edu.tw/Bookmark/TCollection?TextNameId=0103061140104
114,六年級,上學期,第5課,第五課：最好的味覺禮物,19,12,0,削、沫、茶、嗅、按、舍、熬、砂、混、焦、舀、勺、判、熄、騰、啜、淌、沛、舔,,泡沫、下午茶、退避三舍、熬煮、砂糖、混合、焦糖、判斷、熱騰騰、啜飲、流淌、豐沛,0103061140105,https://pedia.cloud.edu.tw/Bookmark/TCollection?TextNameId=0103061140105
114,六年級,上學期,第6課,第六課：珍珠奶茶,18,11,0,歐、榜、嫁、烹、薯、末、勁、稠、遂、添、含、脂、鹽、呈、慣、蹈、徜、徉,,歐洲、標榜、烹茶、樹薯、粉末、黏稠、添加物、呈現、習慣、舞蹈、徜徉,0103061140106,https://pedia.cloud.edu.tw/Bookmark/TCollection?TextNameId=0103061140106
114,六年級,上學期,第7課,第七課：大小剛好的鞋子,17,13,0,仰、緬、甸、踝、絨、濺、襬、弄、恣、批、徑、謹、恰、乏、皆、嗤、嗯,,仰光、緬甸、腳踝、呢絨、下襬、恣意、批判、行徑、謹記、恰恰、乏人問津、放之四海而皆準、嗤之以鼻,0103061140107,https://pedia.cloud.edu.tw/Bookmark/TCollection?TextNameId=0103061140107
114,六年級,上學期,第8課,第八課：狐假虎威,19,17,0,隙、竄、旨、悠、寓、鷸、狡、窟、猾、騙、偽、誇、辨、謊、諷、惕、察、蔽、虛,,縫隙、旨意、悠閒、寓言、鷸蚌相爭、狡兔三窟、狡猾、招搖撞騙、偽裝、誇大、分辨、謊言、諷刺、警惕、觀察、蒙蔽、虛張聲勢,0103061140108,https://pedia.cloud.edu.tw/Bookmark/TCollection?TextNameId=0103061140108
114,六年級,上學期,第9課,第九課：空城計,18,11,0,亭、支、誘、縣、懿、魏、旗、幟、崗、姓、倘、僮、薰、撤、諸、葛、慎、丞,,誘敵、司馬懿、旗幟、崗位、百姓、倘若、書僮、撤退、諸葛亮、謹慎、丞相,0103061140109,https://pedia.cloud.edu.tw/Bookmark/TCollection?TextNameId=0103061140109
114,六年級,上學期,第10課,第十課：耶誕節,18,14,0,耶、郊、慈、祥、劈、啪、零、厭、倦、辯、私、貧、係、趁、稍、烘、衷、鋼,,耶誕節、郊外、慈祥、劈啪、零用錢、厭倦、辯護、自私自利、貧窮、關係、稍微、暖烘烘、衷心、鋼琴,0103061140110,https://pedia.cloud.edu.tw/Bookmark/TCollection?TextNameId=0103061140110
114,六年級,上學期,第11課,第十一課：下午茶風波,19,12,0,楓、恢、潑、莓、廳、額、灌、醉、釀、替、諒、脣、奔、乞、某、煥、橇、鈴、迴,,恢復、活潑、草莓、客廳、前額、灌醉、原諒、雙脣、乞求、神采煥發、雪橇、迴盪,0103061140111,https://pedia.cloud.edu.tw/Bookmark/TCollection?TextNameId=0103061140111
114,六年級,上學期,第12課,第十二課：祕密花園,15,10,0,異、頰、蓬、勃、逛、庭、肅、薔、薇、瀰、刮、括、螞、蟻、儘,,訝異、臉頰、蓬勃、家庭醫師、嚴肅、薔薇、瀰漫、包括、螞蟻、儘管,0103061140112,https://pedia.cloud.edu.tw/Bookmark/TCollection?TextNameId=0103061140112
114,六年級,下學期,第1課,第一課：馬達加斯加，出發！,17,16,0,嶼、獨、馳、輾、櫛、鱗、幣、莊、瀕、撒、掠、覓、紳、濛、亢、凌、岌,,島嶼、獨立、心馳神往、輾轉、櫛比鱗次、錢幣、村莊、瀕危、撒旦、掠食者、覓食、紳士、迷濛、高亢、凌駕、岌岌可危,0103061140201,https://pedia.cloud.edu.tw/Bookmark/TCollection?TextNameId=0103061140201
114,六年級,下學期,第2課,第二課：沉睡的天空之城,19,14,0,址、屏、秘、魯、璀、璨、愜、振、氛、序、澎、湃、砌、梯、玄、拴、盎、眸、杏,,遺址、屏息、秘魯、璀璨、愜意、振奮、氛圍、井然有序、澎湃、堆砌、梯田、玄妙、興味盎然、回眸,0103061140202,https://pedia.cloud.edu.tw/Bookmark/TCollection?TextNameId=0103061140202
114,六年級,下學期,第3課,第三課：走進太陽之城,18,14,0,萊、瑞、霍、茅、唯、爆、供、府、購、碳、騎、駛、箱、嬉、乒、乓、鬆、欄,,瑞士、名列前茅、唯一、爆發、供應、政府、收購、騎士、駕駛、冰箱、嬉戲、乒乓球、輕鬆自在、護欄,0103061140203,https://pedia.cloud.edu.tw/Bookmark/TCollection?TextNameId=0103061140203
114,六年級,下學期,第4課,第四課：送友人,14,11,0,郭、征、茲、蕭、澈、辭、臥、蹤、逢、抒、泊、暉、摯、誼,,蕭蕭、清澈、辭別、橫臥、行蹤、重逢、抒發、漂泊、餘暉、真摯、情誼,0103061140204,https://pedia.cloud.edu.tw/Bookmark/TCollection?TextNameId=0103061140204
114,六年級,下學期,第5課,第五課：蚵鄉風情,19,11,0,蚵、嬸、攏、柄、笨、拙、疲、憊、鈔、剖、棚、裹、樁、巡、甦、豎、媒、沸、宛,,靠攏、笨拙、疲憊、鈔票、包裹、巡視、甦醒、豎立、媒體、沸騰、宛如,0103061140205,https://pedia.cloud.edu.tw/Bookmark/TCollection?TextNameId=0103061140205
114,六年級,下學期,第6課,第六課：童年‧夏日‧棉花糖,19,16,0,碧、疏、凰、株、巔、戀、蔭、紡、緯、纖、裊、袖、鋁、廠、孜、猶、陰、逝、斑,,扶疏、鳳凰木、山巔、戀戀不捨、綠蔭、紡車、經緯、纖纖、裊裊、袖珍、工廠、喜孜孜、猶在、光陰、飛逝、雀斑,0103061140206,https://pedia.cloud.edu.tw/Bookmark/TCollection?TextNameId=0103061140206
114,六年級,下學期,第7課,第七課：我的少年夢,19,14,0,斜、閣、匱、攤、冥、篷、徒、籌、埡、訝、脈、紮、窸、窣、誦、宇、宙、浩、瀚,,閣樓、匱乏、舊書攤、冥冥之中、帳篷、徒步、籌備、埡口、山脈、紮營、窸窸窣窣、背誦、宇宙、浩瀚,0103061140207,https://pedia.cloud.edu.tw/Bookmark/TCollection?TextNameId=0103061140207
114,六年級,下學期,第8課,第八課：如何張開追夢的翅膀,16,13,0,瞻、愚、汲、庶、鍥、垮、嶄、輩、赴、構、諺、羹、坪、斤、貫、拓,,瞻前顧後、汲取、富庶、鍥而不捨、嶄新、一輩子、全力以赴、構築、諺語、羊羹、公斤、全神貫注、拓展,0103061140208,https://pedia.cloud.edu.tw/Bookmark/TCollection?TextNameId=0103061140208
114,六年級,下學期,第9課,第九課：成為人生的開拓者,12,7,0,恭、份、荊、棘、俗、窘、溝、闖、涯、曙、帆、槳,,恭喜、荊棘、俗話、窘境、溝通、生涯、曙光,0103061140209,https://pedia.cloud.edu.tw/Bookmark/TCollection?TextNameId=0103061140209
