語詞,解釋
拍手,鼓掌，雙手相擊拍。[例]拍手稱快、拍手叫好、拍手大笑
一個,1.表示數量，單個。用於人或其他事物。如：「一個人」、「一個理想」。《三國演義》第七回：「忽見草坡左側轉出一個少年將軍。」《老殘遊記》第四回：「在兩間堆破爛農器的一間屋子裡，搜出了一個包袱，裡頭有七八件衣裳。」
秋千,一種遊戲器材。在高架或樹幹上繫兩條等長的繩索或鐵鍊，下面拴上橫板，人可坐立其上，前後擺盪。[例]小朋友在秋千上盪來盪去，玩得十分高興。　△鞦韆
高山,高聳的山。[例]攀登高山應做好周全的準備。
大海,1.寬闊的海洋。《列子．湯問》：「於是岱輿員嶠二山，流於北極，沉於大海。」
我們,稱包括本身在內的若干人。[例]我們是在公司的酒會上認識的。
好朋友,1.交情深厚的朋友。[例]他與幾個好朋友一起旅行去了。
一起,1.一塊兒。[例]這是兩碼子事，請不要混在一起。
個子,人的身材、身高。[例]他個子高大，加上動作靈活，是我們籃球隊上的得分主力。　△個兒。
上課,老師到教室授課或學生到教室學習課業。[例]上課時要專心聽講。
青蛙,動物名。兩棲類無尾目。頭部寬扁、闊嘴、大眼。腹部呈灰白色。皮膚會分泌黏液，所以表皮光滑溼潤。足有蹼，善於跳躍、游泳。多生活在水邊，常於夜間活動。雄蛙鳴聲響亮。為一種變溫動物，因此需要冬眠。[例]蝌蚪長大後，就會變成青蛙。　◎
開心,快樂、高興。[例]看見學生學有所成，是每位老師最開心的事。
門外,門的外面。《史記．卷五六．陳丞相世家》：「家乃負郭窮巷，以弊席為門，然門外多有長者車轍。」《文明小史》第三七回：「到得警察衙門口，卻只帶了仲翔進去，五人被他們關在門外。」
什麼,1.疑問代詞，代不特定的人、事、物等。[例]他在做什麼？　△甚麼
不同,不一樣。[例]迥然不同、方法不同
早上,早晨。[例]他每天早上天還沒亮就起床工作了。
晚上,日落以後。[例]國慶日晚上滿天的煙火，將整個夜空變成一幅幅動人的圖畫。
王子,帝王的兒子。如英國有查爾斯王子。
主人,1.擁有主權的人。[例]他雖貴為主人，但對待僕人卻如親人一般。
小路,1.大道以外較小的途徑。《三國演義》第三〇回：「偽作淳于瓊部下敗軍回寨，至山僻小路，正遇蔣奇軍馬。」《薛仁貴征遼事略》：「轉山約行二十里，仁貴自思，這般小路，卻奔那裡去？」
白花,1.白色的花朵。如：「茉莉花一到五、六月，枝頭就會開滿了小白花，清香宜人。」
紅花,1.紅色的花。唐．杜甫〈風雨看舟前落花戲為新句〉詩：「影遭碧水潛勾引，風妒紅花卻倒吹。」
一頭,1.頭部突然向下扎或向下倒的動作。[例]潛水夫剛下水，就一頭鑽到水裡去了。
靜靜的,沉靜的、安靜的。如：「他靜靜的站著，半天也不說一句話。」
天空,泛指日月星辰所在的廣大空間。[例]蔚藍的天空飄著朵朵的白雲，好一幅美麗的景象。
白雲,白色的雲。[例]天上飄著朵朵白雲。
花草,1.花與草的合稱。《齊民要術．自序》：「花草之流，可以悅目。」唐．李白〈登金陵鳳凰臺〉詩：「吳宮花草埋幽徑，晉代衣冠成古丘。」《西遊記》第二回：「那崖下石坎邊，花草中，樹木裡，若大若小之猴，跳出千千萬萬，把個美猴王圍在當中。」
花園,種有花木的園圃。[例]經過一夜的狂風驟雨，花園裡花朵落了滿地。
沒有,1.表示具有或存在的否定。[例]沒有入場券不能進場參觀。
輕快,1.輕鬆愉快。[例]這首舞曲節奏輕快，令人不自禁的手舞足蹈起來。
新芽,新長出的嫩芽。亦比喻新出現的人才。[例]春天來臨，許多植物開始抽新芽了。
身上,1.身體。《紅樓夢》第五七回：「姑娘身上又病著，更費了大事，誤了你老出門。」《文明小史》第一六回：「身上一件打補釘的竹布長衫，腳上穿著黑襪，趿了一雙破鞋。」
媽媽,稱謂：對母親的稱呼。[例]遠行前夕，媽媽再三叮嚀：一定要好好照顧自己。
音樂會,在公開場合演奏樂器或演唱等有關音樂活動的聚會。
開始,1.從頭起、從某一點起。[例]公司的營運才剛開始，往後還需要全體同仁共同努力！
一陣,一段時間的連續動作或狀況。[例]夏天的午後下了一陣大雨，頓時感覺清涼。
過後,以後、往後。《紅樓夢》第六二回：「我雖有幾條新裙子，都不和這一樣的。若有一樣的，趕著換了，也就好了，過後再說。」《初刻拍案驚奇》卷三：「那劉東山一生英雄，遇此一番，過後再不敢說一句武藝上頭的話，棄弓折箭，只是守著本分營生度日。」
好吃,美味可口。[例]遍嚐天下美食，他還是覺得家鄉菜最好吃。 / 愛吃、嘴饞。[例]小孩子因好吃糖果而弄得滿嘴蛀牙。
上桌,1.把食物端上桌子。[例]菜已經上桌了，快趁熱吃吧！
回家,返家。[例]小朋友放學後應該馬上回家，以免家人擔心。
爸爸,稱謂：對父親的稱呼。[例]爸爸教我們：跌倒了就要勇敢地爬起來。
見聞,眼睛所看見、耳朵所聽到的事物。[例]他把這次旅遊的見聞寫下，在報紙上發表。
港口,在河、海岸邊設置碼頭，便於船隻停泊、乘客上下和貨物裝卸的地方。[例]這個港口的設備十分現代化。
享受,享有、受用。[例]年紀大的長輩，最需要子女適度地關懷，最欣慰的則是享受天倫之樂。
溫暖,1.暖和。[例]春天來臨，氣候已漸漸溫暖了。
種子,植物的雌蕊經過受精後，子房內的胚珠發育成熟的部分。主要由種皮、胚、胚乳三部分組成。[例]我把花的種子埋在泥土裡，並按時澆水，希望它能趕快發芽。
怎麼,1.為什麼。[例]他怎麼還不回來？真急死人了！
需要,應該要有的或必須要有的。[例]出門在外，最需要朋友的幫助。
於是,因此，因而。表承上啟下的連詞。[例]因為晚上停電，家裡於是點起蠟燭照明。
澆水,以水灌溉。[例]這些花需要每天澆水，才不致於枯死。
陽光,太陽的光線。[例]陽光充足、陽光燦爛
院子,庭院。[例]夏夜時，我們全家人喜歡在院子裡乘涼、聊天。
外公,稱謂。對媽媽的父親的稱呼，今亦稱「阿公」。[例]外公從小就教導我們要正正當當的做人。　△外祖父
說話,1.發言、講話。[例]她說話時總是輕聲細語，非常溫柔。
陪伴,相陪作伴。[例]當我生病時，母親都一直陪伴在我身旁。
奶奶,1.稱謂：(1) 對祖母的稱呼。[例]奶奶年紀雖然大，但是她目前在國中補校進修，求上進的心不輸年輕人。　(2) 對老婦人的敬稱。[例]李奶奶　(3) 對女主人的尊稱。[例]少奶奶
跟班,隨從、貼身僕從。[例]每次媽媽逛百貨公司時，姊姊就成了義務跟班。
起床,離開床鋪。一般指睡醒後下床。[例]趕快起床，否則上學又要遲到了！
弟弟,稱謂。稱同胞手足中，後出生的男性親屬。[例]媽媽一向主張哥哥和弟弟應該平均分擔家務。　◎
家家酒,小孩子模仿、扮演家庭事務的遊戲。[例]小孩子們玩家家酒時，學大人的模樣真是可愛。
卡片,1.內含文字、圖畫，用來贈送或邀約他人的硬紙片。如賀年卡、生日卡、邀請卡等。[例]母親節，他準備自製卡片送給母親，以表孝心。
喜歡,1.快樂、高興。[例]媽媽收到弟弟親手畫的卡片，很是喜歡。
作夢,1.睡時依身體內外的刺激而起幻象。
自己,本身。[例]他常自己一個人在房裡聽音樂。
變成,由某一種形態轉換成另一種形態。[例]深秋時節，楓葉變成了紅色。
棉花糖,先將砂糖加熱成漿，再用機器將其快速轉動，拉成糖絲，纏繞在竹棒上的零嘴，外觀像似一團棉絮，故稱為「棉花糖」。[例]舔棉花糖是許多人童年的美好回憶。
天鵝,動物名。鳥綱雁鴨目雁鴨科。形似鵝，體大頸長，上嘴有黃色的瘤，全身純白或黑。分布於寒帶，棲於水濱，善飛，吃植物、昆蟲等。[例]白色天鵝在湖上悠閒的划水，景致十分恬靜。　◎
漂亮,1.美麗、好看。[例]她真是一位人見人愛的漂亮姑娘。
妹妹,稱謂：(1) 稱同父母所生而比自己年幼的女性。[例]他在家排行老大，下面還有兩個妹妹。　(2) 稱同輩親屬中比自己年幼的女性。[例]我的好妹妹！你別生氣了，是我不對！
雨鞋,用來防止雨水浸溼足部所穿的鞋子。
一雙,1.成對的器物，一對稱為「一雙」。如：「一雙筷子」、「一雙球鞋」。《戰國策．燕策》：「臣請獻白璧一雙、黃金千鎰，以為馬食。」《紅樓夢》第三回：「一雙丹鳳三角眼，兩彎柳葉弔梢眉。」
遊戲,1.玩耍。[例]公園裡有一群小孩在遊戲。
珍珠,1.蚌內因異物侵入或病理變化而產生的圓形顆粒。有光澤，呈白色或微黃色。一般分為天然養珠及人工養珠兩種。[例]珍珠項鍊　△真珠
落下,剩下、留下。[例]他一生無惡不做，死後只落下一片罵名。 / 降落、掉落。[例]豆大的雨滴自天空紛紛落下，路上的行人不禁加快了腳步。
水面,水的表面。[例]船身過處，在平靜的水面激起水花。　△水皮兒
魚缸,養魚的容器。[例]他定期清洗魚缸，讓金魚有良好的生活環境。
金魚,動物名。硬骨魚綱鯉目鯉科。為鯽魚的變種，由鯽魚經不斷的人工選種、配種與淘汰而成。體形略呈圓球狀，凸眼，鱗片有金光，顏色鮮豔，鰭大，尾作三分或四分，可供觀賞。[例]爸爸在春節前特地買了一對金魚養在水箱中，以添增過年的喜氣。　△文魚　◎
太陽,天體恆星之一，半徑約為70萬公里，距地球約1億4960萬公里。有巨大的熱能輻射，表面溫度約為攝氏6000度，中心溫度在攝氏1000萬度以上。地球等太陽系八大行星即以它為中心作公轉。　◎
國王,君主制國家的最高領袖。[例]今天有一些國家的最高領導者仍是國王，像中東的約旦、和鄰近的泰國。
大掃除,大規模或大範圍的打掃環境。[例]年終大掃除、歲末大掃除
洗淨,清洗乾淨。[例]她用水將碗盤洗淨。
馬路,寬闊平坦可行車馬的道路。現在泛指供人、車行走的道路。[例]馬路如虎口，行人要小心。
高高低低,有高有低、起伏不定。[例]會場裡擺滿了高高低低的花卉盆栽，十分引人注目。
葉子,植物的葉的通稱。[例]在中國大陸北方，許多植物一到秋天，葉子便開始凋落。
認真,1.切實負責而不馬虎隨便。[例]要有好的表現，必須努力用功，認真學習。
草地,長滿青草的地方。如：「小狗在草地上打滾。」《宋史．卷八．真宗本紀三》：「丙子，詔京城禁圍草地，聽民耕牧。」《二刻拍案驚奇》卷二：「他在田畔拾棗，遇著兩個道士打扮的在草地上對坐安枰下棋，他在旁邊蹾著觀看。」
變化,事物的性質或形態有所改變。[例]變化無窮、化學變化
有趣,有趣味。[例]每天小玲都會將學校有趣的事，一一說給爸媽聽。
長線,1.長的線。如：「放長線釣大魚」。
風箏,一種玩具。通常以竹片為骨架，糊以紙、布等，用長線繫綁，可乘風飛升。[例]王伯伯不但是放風箏的高手，更是製作風箏的巧匠。
升高,提高、提升。[例]連日來的大雨使水庫的水位升高，解除了旱象。
神奇,神妙奇特，不可思議。[例]化腐朽為神奇。
跑跑跳跳,連跑帶跳。形容活潑健康或動作敏捷。如：「課外活動時間，小學生在操場上跑跑跳跳，十分可愛。」「已經是上了年紀的人了，還這樣跑跑跳跳的，小心別摔著了。」
說說笑笑,又說又笑、有說有笑。《初刻拍案驚奇》卷一七：「兩人做一路，說說笑笑去了。」《儒林外史》第五二回：「鳳四老爹同秦二侉子說說笑笑，不日到了南京，各自回家。」
事情,事物的實際情形，包括人類一切行為及自然界所有的現象或活動。[例]只要是正當的事情，都可以大膽去做。
生日,誕生之日。[例]為了慶祝生日，他請了許多同學來參加派對。
今天,1.說話時的當天。[例]今天我們要到育幼院當義工。
記得,存留在腦海中不忘掉。[例]雖然事過多年，但我仍然記得當時的一切景象。
知道,明白、瞭解。[例]這件事大家都已經知道了。
放學,學校結束一日課程後，放學生回家。[例]小英放學後會幫媽媽做家事。
祝福,原指求神賜福，後用於泛指祝人平安、幸福。[例]他對即將遠行的好友致上深深的祝福。
第一次,首次。如：「這是他第一次上臺演講。」
謝謝,表示感激、謝意。《紅樓夢》第六七回：「寶姐姐送咱們東西，咱們原該謝謝去。」《老殘遊記》第六回：「請你們老爺自用罷。我這裡已經叫他們去做飯，一會兒就來了。說我謝謝罷。」
路燈,設在道路旁的燈，以供夜間照明之用。[例]巷口的路燈，給晚歸的人帶來許多便利。
前面,前方。[例]前面不遠有家商店，我們就在那兒稍做休息吧！
一點,1.形容極小或些許。[例]喝咖啡時，我喜歡加一點奶精。
一半,二分之一。[例]她把一半獎金捐給育幼院，幫助孤苦無依的兒童。
清楚,清晰明白。[例]對於童年往事，他依然記得非常清楚。
休息,暫時停止工作或活動。常帶有放鬆身心，以待復原的意思。[例]他今天因病請假，在家休息。
一會兒,片刻，短暫時間。[例]我猶豫了一會兒，才答應他的請求。
加油,1.添加油料。[例]機車油箱裡的汽油快用完了，得先去加油才能繼續上路。
學年,學校中所規定的修業年度。我國以每年的八月一日為學年開始，到翌年的七月三十一日為學年結束，一學年分為上下兩學期。
希望,1.心中有所期盼。[例]父母總是希望自己的小孩將來能有所成就。
位子,座位。[例]搭車時，我總是選擇靠窗的位子。
課本,教科書。[例]老師要同學打開課本，準備上課。
淡淡,1.味道清淺。[例]這株蘭花散發出淡淡的清香。
書香,讀書的風氣與傳統。多指家世、門風而言。[例]書香世家
老師,對傳授學問或技藝者的尊稱。[例]對於老師的諄諄教誨，同學們應謹記在心。
以前,1.從前。[例]以前這裡是一片荒蕪，沒想到三十年後卻發展成本市最繁榮的地區了。
大聲,聲音宏大、響亮。[例]大聲喧嘩、大聲嚷嚷、大聲喝采
成為,變成。[例]他靠自己的努力成為事業有成的企業家，可說是白手成家的典範。
故事,傳說或杜撰的事物。[例]小朋友團團圍住老師，要求再說一個故事。
用力,使勁出力。[例]這櫃子太重了，要大家一起用力才能抬起來。
現在,現今、眼前。[例]現在外面正下著大雨，沒事就不要出去了。
早餐,早晨的餐點。[例]父母親每天很早就起床為全家人準備早餐。
全家,一家人。[例]春節期間，我們全家打算出國旅遊。
番茄,植物名。一年生草本。莖略呈蔓生狀態，高約一公尺，葉互生，羽狀複葉。夏季開黃色花朵。果實亦稱為「番茄」，呈扁圓形或小球形，為紅色或黃綠色漿果，可供食用或製成果汁。　◎◎
輪子,車輪，俗稱為「輪子」。[例]這輛車子的輪子陷到爛泥裡，動彈不得。
起司,一種從動物乳汁中凝聚出來的食品。§英cheese　△乳酪
吐司,烤過的麵包片。亦指長條形可以切片的麵包。§英toast [例]吐司夾火腿　△土司
四四方方,形體方正的樣子。[例]這棟新屋的格局四四方方的，買主感到很滿意。
城堡,城池堡壘。[例]歐洲有許多古代留下來的城堡，值得我們一遊！　◎
接著,1.接住。如：「小心接著，別弄壞了！」《鏡花緣》第三十五回：「宮娥拾過，又斟一杯。林之洋接著，心中更覺發慌，登時又把酒灑了。」
番茄醬,用番茄汁加其他材料作成，可沾麵包或烤肉的一種調味醬。
笑臉,含笑的面孔。[例]笑臉相迎、笑臉迎人
叔叔,稱謂：(1) 稱父親的弟弟。[例]爸爸與叔叔年齡相近，從小就比較親熱。　(2) 泛稱與父親同輩，年紀較小的男子。[例]陳叔叔和爸爸是好朋友。
捧花,捧在手中的花束，通常指婚禮專供新娘捧托的花束。[例]這束捧花主要是由紫玫瑰和滿天星搭配而成。
蝴蝶,動物名。昆蟲綱鱗翅目。頭上有對複眼，二隻單眼，複眼間細長的觸角專司感覺。頭下方的口器，呈曲管狀，可伸長吸食花蜜。腹部有氣孔，供呼吸用。胸部生有三對步行腳，兩對翅膀。生長週期分為卵、幼蟲（毛蟲）、蛹及成蟲四個階段。種類繁多，分布世界各地。[例]蝴蝶有一對美麗的翅膀，是大自然界最美麗的昆蟲。　△蚨（ㄈㄨˊ）蝶、胡蝶　◎
新娘,稱剛結婚或正要舉行結婚典禮的女子。[例]那披上白紗的新娘，臉上泛著喜悅的光彩。
彩筆,畫筆。[例]這個畫家彩筆一揮，便是一幅好山好水。
打扮,1.妝飾儀容。[例]今晚的宴會，她打扮得很得體。
模樣,1.形狀、式樣。[例]錦盒裡的首飾，不知道是什麼模樣？
美麗,漂亮、美好；使人看了心生喜悅的。[例]多數人對未來總是充滿著美麗的憧憬。
運動會,體育運動競賽的集會。[例]奧林匹克運動會
熱鬧,1.場面熱烈人潮擁擠。[例]這夜市整晚人潮不斷，熱鬧得很！
大會舞,運動會的一項表演節目。通常是由一群經過舞蹈訓練的人，從事舞蹈表演。[例]這次運動會的大會舞，是由蝴蝶舞蹈社負責設計籌劃的。
笑容,含笑的面容。[例]笑容滿面、面帶笑容
跑步,兩腳加快速度前進。[例]他每天早上六點一定在公園跑步。
比賽,1.比較本領、技能的高低或優劣。[例]他正和同學在比賽下圍棋。
汗水,通常指流量較多的汗液。如：「雖然汗水溼透了我們的衣服，但大家仍努力工作，毫不懈怠。」
協力,共同努力。[例]這件工程在眾人齊心協力之下，終於如期完工了。
拔河,一種比賽力氣大小的運動。參賽者分成兩隊，各持繩索的一端，同時用力向後拉，以能將繩上的標識拉過一定界限者為優勝。古代的拔河方式，是兩隊隔河而拔，輸方會掉到水裡。[例]拔河比賽最能展現團隊精神。
力氣,力量。[例]他使盡了所有的力氣，還是沒辦法把瓶蓋扭開。
最後,時間或次序上居於末了的位置。[例]他由於工作忙碌，常常搭當天最後一班公車回家。
家鄉,故鄉。[例]他打算畢業後回到家鄉任教。
越南,國名。位於東南亞，中南半島東南部。參見「越南社會主義共和國」條。
暑假,學校的常態期末假期，通常夏天在七、八兩月間實施。[例]今年暑假，他報名參加許多夏令營活動。
碗公,比一般飯碗大的碗。如：「他食量驚人，一餐吃好幾碗公飯。」
划船,1.划槳使船行動。宋．孟元老《東京夢華錄．卷七．駕幸臨水殿觀爭標賜宴》：「小船子上有一白衣垂釣，後有小童舉棹划船。」《醒世姻緣傳》第八七回：「郭總兵的管家卜向禮遠遠的朝見伊留雷划船趕來，走出船頭上等著。」
轉動,1.旋轉扭動物體。[例]轉動門把、轉動開關
一邊,1.事物的某一面。[例]這個梨子已經爛了一邊。
叫好,對於精彩的表演大聲喝采、喊「好」，表示讚賞。[例]他的口技表演真是唯妙唯肖，在場的觀眾莫不大聲叫好。
原本,1.原來、本來。[例]這本書原本是我的，後來轉贈給他。
近海,臨近陸地的海域。[例]他在近海處開發漁業養殖場，專門養殖高經濟的魚、貝類。
捕魚,捕捉魚類。《大宋宣和遺事．元集》：「在路上撞著杜千、張岑兩個，是舊時知識，在河次捕魚為生。」《西遊記》第一回：「持篙試水，偶得淺水，棄了筏子，跳上岸來，只見海邊有人捕魚、打鴈、穵蛤、淘鹽。」
活動,1.運動。[例]他每天早晨都會到公園裡活動筋骨。
認識,1.相識。[例]她倆在學生時代就認識，至今已有十年了。
因此,連接詞。因而、所以。表示事情的結果。[例]這次學期考試我得了第二名，因此爸爸決定送我一份獎品。
走進,步行進入。[例]上課鐘一響，老師就走進教室，開始上課。
金黃色,有黃金般色澤的顏色。[例]果園裡結滿了金黃色的橘子。
可愛,討人喜愛。[例]他自小就聰明活潑，十分可愛。
風乾,具有水分的物品，被風吹乾。[例]新鮮鳳梨去皮切片風乾後，即成滋味絕美的果乾。
遊客,前往遊覽的人。[例]陽明山花季期間，每天都是遊客如織。
親朋好友,泛指所有的親戚、朋友。[例]本店開張之日，希望各位親朋好友都能光臨指教。
如意,1.稱心、符合心中的意願。[例]稱心如意、萬事如意、吉祥如意
衣裳,衣服。[例]妹妹穿了新衣裳，高高興興的去參加阿姨的婚禮。
簡單,1.簡易單純，不複雜。[例]面對記者的追問，他只簡單回覆，不願多說。
聰明,1.眼力和耳力敏捷。[例]那位老婆婆雖然年紀很大了，但仍耳目聰明，行動靈活，非常健康。
大臣,擔負國家重任的官吏。[例]朝廷大臣、文武大臣、執政大臣
不敢,1.沒有勇氣、沒有膽量。[例]他一直站在門外，不敢進來。
東西,1.東方與西方。[例]東西文化交流 / 物品。[例]我習慣睡前把明天要用的各項東西先準備好，以免到時手忙腳亂。
慌張,慌忙緊張的樣子。[例]他頭腦不夠冷靜，一旦遇到緊急事故，便慌張得不知所措。
一直,1.正朝著某方向。[例]往前一直走，就可以到達你要去的地方。
大街,城鎮中路面較寬敞，且較為熱鬧繁華的街道。[例]這條大街商店林立，貨品種類繁多，購物非常方便。
滿街,整條街。《老殘遊記》第二回：「次日清晨起來，喫點兒點心，便搖著串鈴滿街踅了一趟，虛應一應故事。」
左思右想,反覆的想了又想。[例]面對他人的惡意中傷，他左思右想，卻始終想不出曾經得罪過誰？
口渴,口乾想喝水。[例]在大太陽底下走了一天的路，他感到非常口渴。
烏鴉,動物名。脊椎動物鳥綱雀形目鴉科。體長尺餘，嘴大且直。全身黑色，帶有綠色光澤。趾具鉤爪，警覺性高，以穀物、果實、昆蟲、動物腐屍為食物。多棲息於城市近郊或山區高樹。[例]一般人認為烏鴉飛臨屋頂鳴叫是不吉祥的預兆。　◎
瓶子,口小、頸窄、腹大的容器。一般以瓷土、玻璃、塑料等製成，多用以盛裝液體。[例]這瓶子上的花鳥彩繪很細緻。
方法,為達到某種目的所用的方式和步驟。[例]早睡早起是保持身體健康的好方法。
森林,樹木密生的寬廣地區。[例]森林兼具木材供應、水土保持、觀光休憩等功能，是重要的天然資源之一。
動物,相對於植物的另一大類生物。多可自行攝食有機物以維生，有神經、感覺，並具運動能力。生存範圍遍及世界各處。[例]動物的細胞沒有細胞壁，是與植物最大不同之處。
旅行,出外旅遊。[例]旅行不但可以調劑身心，還能增廣見聞。
中午,白天十二點左右的時間。[例]這所小學的全體師生每天中午都在校中共進營養午餐。
許多,很多。[例]人生的路途上有許多困難，我們要勇於克服。
石頭,由礦物質集合而成的堅硬塊狀物質。[例]這條健康步道是用許多卵形小石頭鋪成的。
難道,加強反問語氣的副詞，即莫非的意思。[例]我分析了這麼多的道理，難道你一句都沒有聽進去嗎？
但是,不過、可是。[例]這花很美，但是花期太短了。
大象,1.→象
曹操,人名。（西元155～220）字孟德，小字阿瞞，東漢沛國譙（今安徽省亳縣）人。有雄才，多權詐，能文學。起兵擊黃巾，討董卓，漸次剪削諸雄，自為丞相，拜大將軍，爵魏公，旋進爵魏王，加九錫。後卒於洛陽，子丕篡漢。追諡武帝，廟號太祖。
粗大,又粗又大。[例]臉上皮膚的油脂分泌過多容易造成毛細孔粗大。
柱子,1.建築物中，支撐橫梁、桁架、樓板等的直立長條形構件。可用鋼筋混凝土、鋼材、磚石或木材等製成。[例]柱子是支撐屋頂重量的主要架構。
部分,全體中的局部、某些個體。[例]訂約時只需付部分貨款就可以了。
搖頭,頭向左右搖動。通常用以表示拒絕、否定、阻止或不以為然的意思。[例]老爸看了她的成績單後直搖頭嘆氣。
首先,最先、最初。[例]會議一開始，首先由主席致辭。
下沉,往下陷落。[例]這艘船的船底破了一個大洞，水不斷湧入，船身逐漸下沉。
多少,1.若干。指數量。[例]老師請班長調查有多少學生要參加畢業旅行。
然後,表示接某種動作或情況之後。[例]事先研究一下，然後再考慮怎麼去做。
年紀,年齡。[例]他的年紀雖輕，做起事來倒是相當練達。
竟然,居然。表示出乎意料之外。[例]他竟然說出這種使母親傷心的話，真是太不孝了。
雪梨,1.植物名。薔薇科梨屬。「白梨」品種之一，樹高六至十二公尺，葉長橢圓形，鋸齒緣。果也稱為「雪梨」，球形，因肉質細嫩，色白如雪而得名。
冬天,一年中氣候最寒冷的一季。我國冬天約當農曆十月至十二月。[例]他們決定今年冬天到北歐賞雪。
臺灣,1.指臺灣本島，簡稱「臺」。地理位置於亞洲東南部，東濱太平洋，北臨東海，東北與琉球群島隔海相望，南隔巴士海峽與菲律賓相望，西以臺灣海峽與大陸地區福建省相望。
季節,一年中，因氣候或活動取向具有某種特徵而區分出來的時段。[例]梅雨季節、農忙季節
相反,彼此互為反面。[例]她們二人的意見常常相反，因此很難相互協調。
煙火,1.煮飯的炊煙和柴火。[例]她看起來超凡脫俗，像是不食人間煙火的仙子。
等待,等候。[例]天未亮，許多遊客便已爬上山頂等待觀看日出。
綻放,開放。[例]春天一到，百花綻放，景色十分迷人。
雖然,縱然、即使。[例]雖然這件工作很辛苦，但對年輕人來說是一個很好的磨鍊。
春節,我國傳統節日之一。指農曆正月初一。[例]春節是遊子返鄉與家人團聚的時刻。
年貨,過年時所用的一切物品。[例]快過年了，大家都忙著採購年貨。
期待,期望等待。[例]這名新秀深具潛力，備受期待。
年夜飯,除夕夜家人團聚所吃的餐宴。[例]一家大小圍著圓桌，吃年夜飯，享天倫樂，溫馨無比。
面具,1.遮護臉部或用來偽裝的面罩。[例]這一隊訓練精良的特戰部隊隊員，個個戴著防毒面具執行此次任務。
舞者,跳舞的人。[例]只見會場中，歌聲曼妙，舞者婆娑。
海洋,地球表面除陸地外的廣大鹹水水域。包括太平洋、大西洋、印度洋、地中海、北極海等，約占地球表面的百分之七十一。[例]海洋汙染日益嚴重，對海中生物的生存造成莫大的威脅。
寒冷,氣候非常的冷。[例]今年的冬天特別寒冷。
北方,北邊、北面。與「南方」相對。[例]要看北極星，得從北方星空裡去找。
沙子,細小的石粒。[例]一群小朋友圍在工地旁的沙堆上玩沙子。
著急,焦慮、急躁。[例]她不小心將重要的文件遺失了，因而著急得不得了。
衣服,泛指可以穿著的各種衣裳、服裝。[例]母親將家裡的一些舊衣服捐給孤兒院。
翅膀,鳥類及昆蟲的翼。[例]企鵝的翅膀雖然無法飛行，但在水中卻有划水的功能。
充滿,1.填滿、裝滿。[例]小朋友可愛的表演，使得歡樂的氣氛充滿了整個會場。
思念,懷想、想念。[例]離家愈遠，對故鄉的思念也就愈深。
牠們,兩個以上的動物合稱。[例]動物園有許多頑皮可愛的猴子，小朋友都很喜歡牠們。
圓鼓鼓,渾圓而凸起的樣子。[例]河豚一受到驚擾，身體就會脹得圓鼓鼓的。
熱絡,感情深厚，往來頻繁。[例]他們兩家同時搬到這個社區，彼此來往很熱絡。
聊天,閒談。[例]晚飯後，我們全家人常聚在客廳聊天，分享生活趣事。
欣喜,歡欣喜悅。[例]他獲知妻子順利生產，母女平安，欣喜不已。
發現,1.找到別人從未見過的事物、地方或道理。[例]哥倫布發現新大陸。
居然,竟然，表示出乎意料。[例]沒想到他居然會說出這種話來！
冒煙,1.煙向上升起。[例]那幢房子在冒煙，好像失火了。
笑咪咪,微笑時眼皮微微靠攏的樣子。形容笑容滿面。[例]她總是笑咪咪的向人打招呼。
幸福,指生活、境遇圓滿愉快。[例]追求幸福是人類共同的願望。
團聚,團圓聚集。[例]現代人工作繁忙，只有在春節時才能全家團聚，共享短暫的天倫之樂。
愉快,欣悅、快樂。[例]保持愉快的心情來工作，往往可以事半功倍。
火鍋,1.一種鍋與爐合為一體的烹飪器具。[例]媽媽上街買了一個新火鍋，打算除夕圍爐時拿來使用。
美妙,美好巧妙。[例]她有一副美妙的歌喉。
顏色,1.色彩。[例]美麗的彩虹一共有七種顏色。
池塘,蓄水的凹坑。[例]池塘裡有許多魚兒游來游去。
田鼠,動物名：(1)哺乳綱囓齒目鼠科。體長約十公分，毛粗短，背面及頭頂蒼褐色。體側灰褐色，腹部灰白，耳殼橢圓。喜食米穀與蔬菜之根，為害農作物之生長。(2)鼴鼠的別名。參見「鼴鼠」條。明．李時珍《本草綱目．卷五〇．獸部．鼴鼠》：「釋名：田鼠。時珍曰：『田鼠偃行地中，能壅土成坌，故得諸名。』」
地洞,在地面下挖成的洞。[例]生活在地洞中的動物，通常有較敏銳的聽覺。
蜜蜂,泛指膜翅目蜜蜂科昆蟲。頭部有兩個大複眼和三個單眼，視力強，有一對能感受氣味的觸角。有刺，會螫人。社會性昆蟲，居於蜂巢中，成員分工蜂、蜂王和雄蜂三級。[例]蜂蜜是蜜蜂採集花蜜所釀製而成的。
蜂窩,蜜蜂的窩巢。[例]他不小心觸動蜂窩而引來大群蜜蜂螫咬。
粉紅,用白色和紅色調和成的顏色。[例]她今天一身粉紅系列的打扮，看起來非常俏麗。
桃花,1.桃樹所開的花。[例]滿山的桃花，好像在熱烈歡迎春天的來臨。
高興,1.開心、愉快、興奮。[例]這次旅行，大家都玩得很高興。
燕子,→燕
到處,處處、各處。[例]選舉期間到處都貼滿了競選標語。
景色,風光、景物。[例]這條小溪畔風光明媚，景色優美，常令人流連忘返。
驚喜,驚奇歡喜。[例]大家聽到哥哥中了統一發票特獎的消息都感到非常驚喜。
所以,1.因此、因而。常與「因為」連用，表示因果關係。[例]他因為吃得太多，所以覺得肚子好脹。
房間,房屋內的隔間。[例]我們家有三個房間，其中兩間是臥房，一間是書房。
討論,相互探討研究，以尋求結論。[例]這項決議是經過討論、表決後才定案的。
裙子,一種圍在腰部以下的服裝，古時候男女都穿，後來多為女子服飾。[例]妹妹穿著白色襯衫、碎花布裙子，十分俏麗可愛。　△裙
而且,表示平列或更進一層。[例]自獲獎後他便一舉成名，而且還享譽國際。
紫色,由紅色與藍色調和而成的顏色。[例]紫色玫瑰品種稀有，價格也不便宜。
分工合作,將一件事分由眾人共同完成。[例]大家分工合作，事情較易完成。
時候,1.時刻。[例]遭遇緊急危難的時候，唯有處變不驚才能化險為夷。
慶生,慶祝生日。[例]今天班上為當月的壽星一起慶生，氣氛歡樂溫馨。
一座,1.滿座的賓客。如：「一座稱善」。也作「一坐」。
微笑,淺笑、淡淡的笑。[例]微笑是通行世界各地，最好的溝通語言。
表情,1.由臉部的表現和身體的動作，所表達的喜怒、哀樂、好惡等情感。[例]他臉上流露出興奮的表情。
各自,各人。[例]他們商量好計畫後，各自分頭進行。
突然,形容情況緊急且出人意外。[例]小王在一片安靜中突然起身說話，言語中在在表現出他的不滿。
變壞,情況由好轉為不好。[例]烏雲密布，天氣變壞了。
強風,1.強勁的風。[例]強風伴隨著沙塵吹來，讓人難以睜開眼睛。
奇特,奇異特殊。[例]他的穿著奇特，在人群中相當顯眼。
七嘴八舌,形容人多口雜，議論紛紜的樣子。[例]一確定出遊日期，眾人便七嘴八舌的開始討論細節。
欣賞,1.以喜愛的心情來玩賞。[例]儘管寒流來襲，大家仍然不畏風寒，到合歡山欣賞雪景。
如果,假使、倘若。[例]如果人人都遵守交通規則，就可以大大減少車禍的發生。
一定,1.肯定、必然。[例]明天上午我一定會準時出席。
互換,互相交換、調換。[例]畢業前夕，同學們彼此互換紀念品。
共同,1.一起、一同。[例]這件事情需要靠大家共同努力來完成。
漸漸,表示程度、數量等的逐步增減。[例]這個星期三開始，天氣會漸漸好轉，氣溫也會回升。
散發,散布、發出。[例]園子裡的蘭花散發出陣陣清香。
光芒,四散射出的光線。[例]光芒萬丈
透過,1.穿過。[例]筆墨透過紙背。
照亮,1.照射得十分明亮。[例]煙火照亮了整個天空。
嘴角,上下脣兩端連接處。[例]說到得意處，他嘴角揚起，十分自得。
星星,1.頭髮花白的樣子。[例]經過歲月的洗禮，昔日英姿煥發的年輕人，如今已是兩鬢星星，滿頭華髮了。 / 泛稱夜空中發光的星體。[例]長煙一空，萬里無雲，滿天的星星閃耀著清輝。
一閃,1.快速躲閃。《水滸傳》第二回：「史進賣個破綻，讓陳達把鎗望心窩裡搠來，史進卻把腰一閃，陳達和鎗攧入懷裡來。」《三國演義》第一〇回：「超將身一閃，李蒙搠個空。」
亮晶晶,閃亮耀眼的樣子。[例]晴朗的夜空裡，布滿了亮晶晶的小星星。
睡著,入睡。[例]小嬰兒已經睡著了，大家不要吵醒她。
悄悄,1.寂靜、沒有聲響的樣子。[例]他躡著腳悄悄的進門，深怕驚醒了睡夢中的父親。
時常,指事情發生的頻率很高。[例]我倆雖分隔兩地，卻時常保持聯繫。 △常常、經常
臂膀,胳膊。[例]他是個舉重健將，擁有結實的臂膀。
永遠,永久、恆久。[例]古聖先賢的事蹟永遠留存史冊，供後人景仰與效法。
避風港,1.能讓船隻躲避強風襲擊的港灣。[例]三面環山，一面對海的港灣是最理想的避風港。
剛剛,方才。[例]老闆剛剛出去，麻煩你等一下再打電話來。
作品,文學、藝術方面創作的成品。[例]他是文壇新崛起的作家，作品常刊載在各大報章雜誌上。
爺爺,稱謂：(1) 對祖父的稱呼。[例]爺爺雖已年近八十，身子骨還是很硬朗。　(2) 稱和祖父同輩分或年紀相當的男性。[例]隔壁的李爺爺慈祥和藹，大夥兒都喜歡和他接近。
採收,採摘、收取。[例]現在正是採收芒果的季節，各農家都非常忙碌。
香蕉,植物名。芭蕉科芭蕉屬，多年生草本。莖短，葉長而寬，夏秋間自偽莖抽出大花軸，上部為雄花，下部為雌花，花色淡黃。果實為長形，稍彎，味香甜，亦稱為「香蕉」。[例]高雄旗山所產的香蕉味道甜美，十分著名。　◎
軍人,凡有軍籍的人，不論官兵，均稱為「軍人」。[例]保衛疆土是軍人最重要的職責。
飛機,一種利用動力推進而飛行的工具。具有機身、機翼和發動機等三大部分。可供載客、運輸等。[例]飛機是美國的萊特兄弟所發明的。　◎
告訴,1.被害人向高級長官或法政機關告發，稱為「告訴」。[例]他因為土地被侵占，而向法院提出告訴。
辛苦,1.勞累困苦。[例]農夫在烈日下辛苦耕種，汗水都浸溼了衣服。
堅固,強韌牢固。[例]這座橋梁經過專家精心設計，建造得非常堅固。
安全,平安而沒有危險。[例]時時注意居家安全，才能保障生命財產不受損失。
寶貝,1.動物名。軟體動物門腹足綱。棲於海濱岩礁，殼可作裝飾用。
不管,1.不看顧。[例]為人子女拋下年邁的父母不管，這種行為實在令人髮指。
教室,老師傳授知識、技能的場所。[例]經過同學們合力打掃清洗後，整間教室頓時煥然一新。
來不及,無法趕上。[例]由於塞車非常嚴重，害我來不及參加會議的開幕儀式。
終於,最後、總算。表示所預料或期望的情況到最後還是發生了。[例]經過多次試驗後，太空梭終於發射成功。
立刻,即時、馬上。[例]槍聲一響，選手們立刻邁開腳步向前奔跑。
並且,而且。通常連接兩個句子，是用以表示平列或進一層意義的連詞。[例]對於教導學生，家長和老師要建立共識，並且隨時保持聯絡。
課文,教科書的內容正文。[例]今天的家庭作業是把第三課的課文抄寫一遍。
鉛筆,將石墨粉和黏土製成的筆心，嵌入圓條形的木管或其他質料的筆管中，所做成的書寫工具。[例]鉛筆書寫方便，擦拭容易，非常適合小朋友使用。
校園,一校所擁有的校地範圍。[例]校園中遍植花木，綠意盎然。
腳踏車,一種利用雙腳踩踏板前進的兩輪車。[例]清晨在鄉間的馬路上，可見到許多學生騎腳踏車上學。　△單車、自行車、自由車　◎
哥哥,稱謂：(1)稱兄長。[例]哥哥從小品學兼優，是弟妹們的好榜樣。　◎　(2)稱同輩的男性。[例]隔壁的張哥哥今年剛考上大學，是眾人欽羨的對象。
牛排,將牛的里肌肉切成厚片，以調味料醃過，依各人喜好煎成不同熟度，再淋上醬汁的食物。[例]牛排以三分熟的口味最佳，可惜國人因飲食習慣的不同，多選擇七分熟。
神祕,高深難料，超乎尋常理性認知之外。[例]對手冷靜從容的表情，令他覺得神祕莫測。
白兔,1.白色的兔子。《後漢書．卷一．光武帝紀下》：「九月，日南徼外蠻夷獻白雉、白兔。」
其他,除此之外、別的。[例]我的報告到此結束，大家還有其他的疑問嗎？
猴子,→猴
生病,得病、害病。[例]平時注意衛生保健，可以減少許多生病的機會。
探望,拜訪看望。[例]許多慈善團體會定期派遣志工探望獨居的長者，提供各項協助。
身體,人的軀體。[例]身體健康、身體殘缺
可惜,令人惋惜。[例]他年紀輕輕的就誤入歧途，結交了一些壞朋友，斷送了自己的前程，實在可惜。
無法,1.任意作惡，完全不顧法律綱紀。[例]無法無天
辦法,1.處理事務或解決問題的方法。[例]我已經想到解決這場糾紛的辦法了。
之後,表示某個時間以後的連詞。如：「自從你走了之後，大夥就沒再見面了。」《官場現形記》第二七回：「到京之後，又復花天酒地，任意招搖，并串通市儈黃某，到處鑽營，卑鄙無恥。」
鼻子,動物的呼吸器官之一，內有黏膜及嗅神經，亦為嗅覺器官。[例]他將鼻子湊上去聞了聞，說：「這花好香啊！」　△鼻　◎
一模一樣,完全一樣，好像同一個模子印出來的。[例]這對雙胞胎長得一模一樣，分不清誰是姊姊，誰是妹妹。
度過,經歷、通過。[例]他靠著意志力，度過這場生命的艱困挑戰。
經過,1.通過、走過。[例]當你經過超市時，可否順便幫我買一瓶醬油？
奇怪,奇異，出乎意料。[例]對於這件事的發生，大家都感到很奇怪。
不可思議,本指事物神祕奧妙，令人難以想像、理解。今亦多用於比喻事情出乎常理。[例]他在短短三個月間就學會了三種語言，真是不可思議！
山羊,動物名。哺乳綱偶蹄目。體形似綿羊而較狹，頭長頸短，額有角一對，角尖向後，略呈三角形。四肢強壯，善於跳躍。毛直而不捲，公羊頷下有長鬚。毛皮可用來製衣褥。[例]這座農場專門飼養山羊，利潤極高。 ◎
鴨子,→鴨
鴕鳥,動物名。鳥綱駝鳥目駝鳥科。是現代鳥類中最大的鳥，不會飛，但奔跑的速度卻相當快。頭小頸細長，嘴扁平，身體龐大，雙腿細長，腳上只有兩個腳趾。耐旱性高，屬雜食性動物。產於非洲、亞洲、美洲。[例]鴕鳥在陸地上奔跑的速度非常快，時速可達50至70公里。　△駝鳥　◎
相信,1.信任，認為可以信賴。[例]他這個人誠實可靠，值得相信。
沒錯,1.正確無誤。[例]你猜的沒錯，他果然是真正的幕後主使人。
眼睛,動物身上觀察外物的視覺器官。[例]她有一雙水汪汪的大眼睛。
仔細,1.詳細、周密。[例]他仔細檢查每個實驗步驟，找出誤差所在。
不可能,不會有可能。[例]天無絕人之路，事情不可能完全沒有轉機。
消息,音信、訊息。[例]知道他考取公費留學的消息後，全家人都非常高興。
忍不住,不能忍受、不能克制。[例]看到哥哥扮了個鬼臉，妹妹忍不住笑了出來。
照顧,1.照料、看顧、幫助。[例]他非常乖巧懂事，從小就幫忙爸媽照顧弟弟和妹妹。
馬良,人名：(1)三國蜀漢臣，字季常，宜城（今安徽省懷寧縣）人，眉中有白毛，兄弟五人中以良最有才名。劉備稱帝後，以良為侍中，後追隨劉備征吳遇害。(2)（西元1840～1939）原名馬志德，字相伯，江蘇鎮江人。世奉天主教。曾任駐日本神戶、長崎領事。在上海創立震旦學院，繼創復旦公學，任校長。民國後曾代理北京大學校長、國民政府委員。著有《拉丁文通》、《致知淺說》、《法文關鍵》等。
孩子,1.未成年的人。[例]一群孩子圍著小販，爭買糖葫蘆。
尾巴,1.動物或物體末梢突出的部分。[例]狗尾巴、飛機尾巴
村子,村莊，鄉民聚集居住的地方。《文明小史》第二八回：「還有那北京城上放的幾個大砲，把城外的村子轟掉了不少。」
貪心,過分索求而不知足。[例]貪心會使人不辨是非，唯利是圖。
皇帝,秦朝以後對天子的稱號。[例]楚漢相爭後，天下諸侯將相共同推尊漢王為皇帝。
不准,禁止、不允許。[例]此處不准張貼廣告，違者罰款。
元寶,1.中國古代用金或銀鑄造而成的貨幣。形似餃子。[例]金元寶、天福元寶　◎
掀起,1.揭起。《紅樓夢》第六四回：「連忙上前來打簾子，將掀起時，只見芳官自內帶笑跑出。」
邀請,邀約招請。[例]我們小學同學會邀請了當年的級任導師來參加。
朝陽,早晨的太陽。[例]朝陽的光芒照亮了整片天空，美好的一天就此開始。
一些,表示不定數量的用語：(1) 數量少、一點點。[例]這杯咖啡再加一些糖會更好喝。　(2) 有許多，不是唯一的。[例]在當老師前，我做過一些其他工作。
手舞足蹈,手、腳舞動跳躍。形容非常高興喜悅的樣子。語本《孟子．離婁上》。[例]她一聽到獲得頭獎的消息，立刻高興得手舞足蹈。
趕著,1.忙著，指正進行時。如：「別胡鬧了，我們有正事趕著辦呢！」
耳朵,人與脊椎動物的耳，俗稱為「耳朵」。[例]蝙蝠能在黑夜中飛行自如，全靠牠最為靈敏的耳朵。　◎
袋鼠,動物名。哺乳綱有袋目袋鼠科。前腿短小，後腿壯碩有力，善於跳躍，尾巴粗大，能平衡身體，雌鼠腹部有育兒的皮囊。以草、穀類、樹葉為食，產於澳洲與塔斯馬尼亞島上。[例]在草原中，袋鼠大多成群結隊的活動。
蹦蹦跳跳,形容跳躍的樣子。[例]這孩子很活潑，成天蹦蹦跳跳的。
琅琅,狀聲詞。形容金石相擊或讀書時，清朗而響亮的聲音。[例]琅琅上口
圖書館,將各種圖書、資料加以蒐集、分類、保存，供群眾閱覽參考的專門機構。[例]為了寫報告，他每天都到圖書館蒐集資料。
參加,參與、加入。[例]老師決定提名他去參加作文比賽。
主題,文藝作品、會議、談話等的主要內容、中心思想。[例]今天開會所要討論的主題是畢業旅行。
大力士,力量很大的人。[例]他力能扛鼎，是個不折不扣的大力士。
主講,1.擔任講授或講演。[例]陳教授在大學中主講中國文學史的課程。
甲蟲,鞘翅目昆蟲的統稱。前翅革質化，靜止時，左右翅在背上正中線合而為一，並可蓋住膜質後翅和腹部。甲蟲類約有二百科，分布廣泛，除南北極外，棲息地遍布全球。[例]甲蟲是完全變態的昆蟲，牠們的生活史包括卵、幼蟲、蛹、成蟲四個階段。
外形,外在的形貌。[例]她的外形突出，演技精湛，天生就是當演員的料子。
志工,指願意在公共或志願團體內，不受報酬而貢獻其力量的人。[例]志工除了具備熱心與愛心之外，有時還須經過專業訓練。　△義工
數學,討論數量、形狀及它們之間的關係的科學。包括算術、代數、幾何、三角、解析幾何、微分、積分等。[例]他在語文方面的能力較差，但在數學上表現優異。
歡迎,1.高興地迎接。[例]列隊歡迎
交流,1.江河匯合而流。[例]新店溪在江子翠與大漢溪交流後，形成淡水河主流。
世界,1.世上、人間。[例]大千世界、浮華世界
冒險,不顧危險而從事某一活動。[例]他冒險突圍，令人捏一把冷汗。
寶庫,1.珍藏寶貴物品的地方。[例]故宮不僅是收藏文物的寶庫，也是知識的寶庫。
探索,探查摸索。[例]太空探索、探索自我、探索真理
奧祕,深奧神祕。[例]自然界中蘊含著無窮無盡的奧祕。
巨人,1.神話或童話中，身軀龐大且具有神力的人。[例]希臘神話中，認為地球是由力大無窮的巨人扛頂著。
頭髮,頭上的毛髮。[例]她有一頭健康亮麗的頭髮，真是令人羨慕。　◎
樹根,樹木的根。
城牆,城池的圍牆，既高且厚，多築於城市四周，供防禦之用。
狂風,1.猛烈的強風。[例]樹木被狂風吹折，連根拔起。
呼吸,生物體與外界環境進行氣體交換的過程。如低等動物靠皮膚呼吸；人和高等動物用肺呼吸，吸入新鮮的空氣，呼出體內的二氧化碳，植物則透過表面的組織進行氣體交換。[例]常到森林中呼吸新鮮的空氣，有益身心健康。
差點兒,1.幾乎。[例]火車站周邊道路嚴重塞車，他差點兒趕不上這班火車。
睜開,張開眼睛。如：「請你睜開眼睛看清楚，坐在那裡的是小陳，不是小張。」《西遊記》第七八回：「那老軍猛然驚覺，麻麻糊糊的睜開眼，看見行者，連忙跪下磕頭。」
趕緊,掌握時機，從速進行。[例]時間不早了，我們趕緊上路吧！
食物,一切可供飲食的東西。[例]他不喜歡吃辛辣的食物。
分量,1.事物的輕重、多寡。[例]他的工作分量很重，幾乎每天得加班。
到底,1.到盡頭。[例]堅持到底
發愁,因沒有主意或辦法而感到憂愁。[例]他正為籌不到學費而發愁。
嘆息,嘆氣。[例]看他年紀輕輕就誤蹈法網，犯下大錯，令人嘆息不已。
忌妒,對才能或境遇比自己好的人心懷不平與怨恨。明．方孝孺〈與鄭叔度書〉一〇首之四：「宋之時司馬公、歐陽子、二程、蘇子瞻以及朱文公皆負當世重名，然為世人所忌妒，無得行其志者。」《老殘遊記》第一七回：「我剛纔得了個好點的差使，忌妒的人很多，能不告訴宮保嗎？」
口訣,容易背誦上口的語句。[例]心算口訣、珠算口訣、九九乘法口訣
看似,看起來像是。[例]灌籃得分看似輕鬆，卻是球員苦練的成果。
練習,1.反覆作習，使之熟練。[例]學習語言需要不斷練習，才能進步。
點名,1.按名冊一一點喚查對。[例]這位老師很嚴格，每次上課前一定點名。
歪打正著,本無意去做或所為方法不當，卻僥倖得到好的結果。[例]這本書一直找不到，沒想到在大掃除時，卻歪打正著的在桌下發現。
窗戶,裝置於牆上可通風透光的設備。[例]他打開窗戶好讓空氣流通。
霧裡看花,形容視線模糊，看不清楚。後比喻看不清楚事情的真相。語本〈唐．杜甫〈小寒食舟中作〉詩〉。[例]我對這件事充滿疑問，就像霧裡看花，始終不清晰。
黑板,以木頭製成，可以在上面用粉筆書寫、圖繪的板子。通常為黑色或綠色，多用於教學。[例]老師在黑板上寫下課文的結構分析表，以便同學作筆記。
答案,問題的解答。[例]這題數學的正確答案是什麼？
專心,專一心思，集中心力。[例]學生在讀書學習時要專心，才能獲得好成績。
收穫,1.割取成熟的農作物。[例]農夫在春天播種插秧，到秋天就可以收穫了。
晃動,搖晃、震動。[例]平底船晃動得相當厲害，使我們在船上都暈吐不已。
已經,表示時間已過，或動作、狀況、事情在某時間之前完成。[例]一大清早，許多人都還在睡夢中，他已經端坐在書房中讀了不少書了。
手忙腳亂,形容做事慌亂，沒有條理。[例]生手開車，難免手忙腳亂。
雨傘,遮雨用的傘。多用油紙、油布或塑膠布料等製成。[例]梅雨季節期間，出門時最好隨身攜帶雨傘。
喊叫,大聲呼叫。[例]她情急之下大聲喊叫，把小偷嚇跑了。
文章,1.由文字連綴而成的篇章。[例]文章要的是內容豐富，而不一定要有很長的敘述。
詞語,言詞、話語。[例]寫作應盡量避免生僻的詞語。
繞口令,一種語言遊戲。將漢語中聲母、韻母、聲調容易混同的文字交錯編成句子，使人唸起來有些拗口，說快了則容易發生錯誤。[例]母親曾教我一首繞口令：飛機飛，灰雞灰，飛機飛來灰雞飛。
由於,表示原因或理由。[例]由於人手不足，公司決定再請幾名工讀生來幫忙。
暴風雨,急驟而猛烈的風雨。[例]在暴風雨的侵襲下，路旁的行道樹全倒了。
迷失,迷惑而無法分辨、失去理智。[例]迷失方向、迷失本性
上岸,登上岸邊。[例]海水已開始漲潮了，趕快上岸吧！
老闆,舊稱商店主人。今泛指工商企業、公司行號的產權所有人。[例]那個老闆正怒聲斥責著做錯事的伙計。　△老板
用料,使用的材料。[例]這家牛肉麵館用料實在，口味獨特，所以生意十分興隆。
實在,1.真實、不虛假。[例]大姐經營的餐廳因價格實在而生意興隆。
葡萄,植物名。葡萄科葡萄屬，落葉大藤本。葉心狀圓形，呈掌狀分裂。花色黃綠，呈圓錐形。果實亦稱為「葡萄」，為球形或橢圓形，果皮有黃色、紫色、淡綠色等，果肉半透明，酸甜多汁，是常見水果，可釀酒。[例]葡萄含有豐富的維他命，多加食用，具有美容、補血益氣的功效。　◎
停留,停住不前進。[例]因為山路遙遠，我們不妨在中途稍做停留，休息一番，再繼續前進。
參觀,實地觀覽。[例]今天老師帶領我們去參觀博物館。
小丑魚,動物名。硬骨魚綱。一種生活在淺海珊瑚礁附近的熱帶魚。色澤鮮豔，以水中浮游生物為食。
海葵,動物名。腔腸動物門。體軟，呈圓柱形，頂端叢生觸手，內含毒刺，可用來捕食生物。多生活於溫帶海域。　△菟葵
擺動,搖擺移動。[例]微風一吹，柳條兒就輕輕的擺動起來。
露出,顯現。[例]他露出猶豫的臉色，不知道該不該答應對方的要求。
不懷好意,心裡面有不好的念頭。[例]那個人不懷好意，你可得當心點兒！
居心不良,心懷不軌，意圖不善。如：「那流氓落得今天如此慘境，都是平時居心不良的惡果。」
觸手,腔腸動物的感覺器官。多位於身體前端口的周緣，可自由伸縮，有些則附有吸盤。觸手可感覺周圍環境及幫助捕食。如水母、水螅、海參等均有觸手。
欺負,欺凌侮辱。[例]他仗著人高馬大，總是欺負弱小。
感動,情緒因受外界刺激而有所震撼、激盪。[例]他的一席話深深的感動了我。
遇到,碰到。[例]昨天下班後，我在回家途中遇到了一位舊同事。
危險,不安全。[例]三更半夜一個人在外面遊蕩是很危險的事。
絲帶,絲質的帶子。[例]他用各色絲帶做出一束玫瑰花，送給朋友當生日禮物。
朝會,中小學校於清晨所舉行的集會。[例]在今天的朝會上，校長頒發獎狀給這次月考成績優秀的同學。
努力,盡量使出力來。[例]努力讀書、努力奮鬥
指導,指示引導。[例]在老師的耐心指導下，學生都有了明顯的進步。
利用,1.發揮物資的功用。[例]廢物利用
整排,1.全排。如：「前方路口發生車禍，後面整排車子都動彈不得。」
紙條,用以留言、備忘的便條紙。《儒林外史》第三四回：「每人讀書的桌上寫一紙條貼著，上寫道：『不可學天長杜儀！』」《老殘遊記二編》第一回：「可以寫個紙條兒，叫道士著個人送到店裡。」
鬆了一口氣,指問題與事務等處理告一段落後，心情較為輕鬆自在。[例]案子結束後，大家才鬆了一口氣，心上的石頭終於放下了。
必定,1.一定。表示肯定的推斷。[例]只要每一步都走得穩當，必定可以步向成功的坦途。
通通,全部、所有的。[例]主辦單位提供了豐富的獎品，讓參與活動的民眾通通有獎。
操場,供軍事操練或體育活動的廣場。一般指學校的運動場。[例]下一節體育課，本班同學將在操場打躲避球。
女生,泛指一般的女孩。[例]現代女生的審美觀點多元，各有所好。
非常,特別的、不尋常的。[例]他是個非常傑出的電視演員。
喵喵,擬聲詞。形容貓的叫聲。如：「小貓餓了，對著主人喵喵的叫。」
關門,1.把門關上。[例]冷氣開放中，請隨手關門！
洗澡,用水清洗身體。[例]爸爸每天回家後都會先洗澡，再吃晚飯。
哪怕,就算是。如：「哪怕他有通天的本領，也逃不出我的手掌心。」《紅樓夢》第五三回：「咱們哪怕用一萬兩銀子供祖宗，到底不如這個有體面。」
回應,1.回答他人的問話。[例]他在臺上發問，臺下卻沒人回應。
平時,平常、平日。[例]平時做足準備，面對挑戰就不會自亂陣腳。
毛茸茸,形容毛多而柔細。[例]毛茸茸的絨毛玩具，很受小朋友歡迎。
肚子,料理食物時稱動物的胃為「肚子」。[例]羊肚子、牛肚子　△肚兒 / 1.腹部的通稱。[例]他因為吃了不乾淨的東西，現在肚子正疼著呢！
一副,1.數量詞：(1)物一組。《水滸傳》第三回：「史進便入茶坊裡來，揀一副座位坐了。」(2)物成雙。《老殘遊記》第五回：「看這于家死的實在可慘，又平白的受了人家一副金鐲子，心裡也有點過不去。」
黏人,緊纏著人，不肯放鬆。[例]這孩子真黏人！讓我走不開。
膠水,具有黏性的液體或液態膠。[例]他用膠水貼好封口和郵票之後，就把信投入郵筒了。
傳統,1.世代相傳，有傳承延續性質的社會因素，如風俗、道德、習慣、信仰、思想、方法等。[例]勤儉是我國的優良傳統之一。
商行,規模較大的商店。[例]清末各租界地內有許多洋人設立的商行。
阿婆,1.對年長婦人的通稱。 [例]市場賣菜的阿婆，經常天未亮就準備好做生意了。
蒼老,形容聲音或外貌的老態。[例]幾年不見，他看起來蒼老許多。
山坡,山頂與平地間的斜面地帶。[例]我家門前有小河，後面有山坡，山坡上有野花朵，野花紅似火。
回憶,1.回想往事。[例]回憶當年攜手走過的歲月，真是有甘有苦。
夕陽,1.傍晚時將西下的太陽。[例]夕陽西下，斷腸人在天涯。（元．馬致遠〈天淨沙．枯藤老樹昏鴉〉曲）
搖盪,搖擺晃盪。[例]窗口的風鈴隨風搖盪，發出清脆的聲音。
教育,1.教導培育。[例]父母從小就教育他「一分耕耘，一分收穫」的觀念。
博物館,蒐集、陳列各式各樣物品，讓人觀賞，並永久保存及提供研究的場所。[例]一座典藏豐富的博物館就等於是一個知識寶庫。
史料,有關歷史的文獻資料。[例]故宮博物院典藏有大量明、清朝的檔案史料，可供研究明、清史的人士參考。
模型,模仿實物的原形，縮小製成的樣品。通常用於展示或實驗。[例]飛機模型、汽車模型
荷蘭,國名。為歐洲西北部的立憲王國。參見「荷蘭王國」條。
鄭成功,人名。（西元1624～1662）初名森，字大木，唐王賜姓朱，改名成功，為明末南安人。父平國公鄭芝龍降清，成功遁入海島與父絕。桂王封之為延平郡王招討大將軍，命率師攻閩浙，又大舉下江南各地，圍南京，祭孝陵，後兵失利，退取臺灣作為根據地，仍奉明年號，未幾而卒。
打敗,1.戰爭或競爭中失敗。[例]這場球賽如果我們被打敗，就會遭到淘汰。
駐守,駐紮防守。[例]他們奉命駐守海防要地，嚴防走私、偷渡。
守護,守衛保護。[例]前線的將士們日夜守護著邊界，不讓敵人越雷池一步。
勇敢,有勇氣，敢於作為。[例]他為人正直，經常勇敢的站出來打抱不平。
士兵,軍隊中基層的戰士。目前我國軍中士兵分為上等兵、一等兵、二等兵等。[例]士兵們正在靶場上進行射擊訓練。
土地,1.田地，有土壤的地面。[例]土地遼闊、土地肥沃、土地改革
附近,距離不遠的地方。[例]媽媽要我到附近的雜貨店買醬油。
瞭望臺,用以眺望遠方敵情或景物的高臺。[例]站在瞭望臺上放眼望去，無邊的美景盡收眼底。
屋頂,建築物最上面覆蓋的部分。具有防風、雨、雪及抵擋陽光等功能。[例]每逢晴天，陽光便從屋頂的天窗透進來。
地標,1.用來標示界線位置的目標物。[例]縣政府常以石碑作為兩個鄉鎮交界的地標。
溼地,指地下水面高，經常為水所淹沒的地帶。如沼澤、窪地、水塘等。可防止潮汐入侵內地、淨化沉澱水源、提供鳥類、水生、兩棲類及淡鹹水過渡植物的生長環境。關渡淡水河的出海口處即為溼地。[例]環保團體呼籲保護溼地，以讓水鳥有個棲息地。
阿美族,臺灣原住民族之一。「阿美」（Amis）本是卑南族對其稱呼，意為「北方人」，花蓮地區族人則自稱邦札（Pangcah）後來遂為本族的通稱。主要分布在花蓮、臺東、屏東之平地行政區。傳統上屬於典型的母系、母權社會，經濟以農耕為主。有泛靈信仰，每年為感謝神靈，會舉辦祭典，如豐年祭、漁撈祭。
特別,與眾不同。[例]這場露天演唱會十分特別，吸引不少的觀眾前往欣賞。
方式,做事情所採取的順序、形式。[例]表演方式、工作方式
打造,以手工製造。[例]這條項鍊打造得相當精緻。
竹子,→竹
植物,百穀草木的總稱。為有機生物之一。植物細胞與動物細胞最大的不同在於具有細胞壁，且大部分內含葉綠素，可行光合作用，攝取光、水等無機物，並轉化成養分。植物通常固定於一處，種子可藉水、風、人等外力帶至各地繁殖。種類繁多，約可分為草本、木本等類別。
釣魚,用餌誘魚上鉤。[例]閒暇無事時，他喜歡一個人到海邊釣魚。
智慧,1.聰明才智。[例]人類運用智慧創造了文明，提升了生活品質。
生態,1.生物圈內的生物，不論是同種或異種，彼此間都會相互影響，而生物和其生存的環境 ，也會發生相互作用，這些現象稱為「生態」。[例]保護野生動物，才能維持自然生態的平衡。
狐狸,1.本指狐和狸兩種動物，後多專指狐。[例]童話故事中的狐狸常是狡猾奸詐的。
萬里,形容極遠。《後漢書．卷二三．竇融傳》：「璽書既至，河西咸驚，以為天子明見萬里之外，網羅張立之情。」《儒林外史》第三八回：「他這萬里長途，自然盤費也難。我這裡拿拾兩銀子，少卿，你去送與他，不必說是我的。」
兄弟,1.男子同胞先出生的為兄，後出生的為弟。[例]他們兄弟從小都是由外婆撫養長大的。 / 男子自謙之詞。[例]兄弟今天能有這個地位，全靠大家幫忙。
祕密,1.隱密的。[例]這件事只能祕密進行，不能聲張。
放棄,拋棄。[例]不到最後關頭，絕不輕言放棄。
妙計,巧妙的計策。[例]錦囊妙計
強壯,健壯有力。[例]他找了幾位強壯的路人，幫忙推動陷入泥沼的車子。
愉悅,快樂、喜悅。[例]他親切的服務態度，令顧客感到愉悅。
拜訪,拜候、探望。[例]這次到南部出差，母親要我順道去拜訪舅父。
免得,避免。[例]出外旅遊要注意安全，免得父母擔心。
離開,與人、物或地方分開。[例]魚一離開水，很快就會死亡。
顯得,極明顯清楚的表露出某一情況。《紅樓夢》第四九回：「越顯得蜂腰猿背，鶴勢螂形。」
漫長,特別長、長得看不到盡頭。[例]學習是條漫長的道路，既考驗耐心，也考驗毅力。
乾枯,1.草木缺少水分或營養而枯黃的樣子。[例]冬天來臨時，樹上的葉子會漸漸乾枯而掉落。
恍然大悟,忽然完全明白。[例]經過老師一番懇談之後，他才恍然大悟：原來過去父母的管教都是出於關愛。
拆除,拆掉、去除。[例]在規勸無效後，工務局決定強行拆除違建。
盛開,花朵開得茂盛。[例]院子裡的桂花盛開，香氣撲鼻。
故障,機械無法順利運作。[例]機器突然故障，工廠因而停工了數小時。
沙漠,地面覆蓋沙土，乾旱缺水，植物稀少的土地。平均年雨量不足二百五十公釐。如撒哈拉沙漠、澳洲沙漠等。[例]沙漠地區日夜的溫差極大。
綿羊,動物名。哺乳綱偶蹄目。角較山羊短小，性溫順，毛長而軟，可織呢絨，並可製裘。[例]人類飼養綿羊的目的是為了取用牠的毛、奶和肉。
中央,1.中間或中心地方。[例]水面中央一群白鷺鷥正鼓翼飛起。
重複,事物反覆相同。[例]這一小節的動作重複做兩次後，再換動作。
疑問,令人質疑的問題。[例]如有任何疑問，請打電話至本中心查詢。
打算,考慮、計劃。[例]我打算畢業後，先工作一年，然後再出國留學。
帽子,戴在頭上，用以遮陽、避雨、保暖或裝飾的用品。[例]這頂帽子的樣式很特別。
後退,向後退。[例]兩輛大卡車在窄道上相碰，誰也不願後退。
蟒蛇,1.→蟒
驚訝,驚奇訝異。[例]媽媽一聽到自己中了頭獎，一時驚訝得說不出話來。
許願,向神明祈福，並承諾於願望實現後將付出某種代價表示酬謝，稱為「許願」。[例]他在廟裡許願，若順利通過考試，將以鮮花素果祭拜答謝。
晨光,早晨的陽光。[例]在晨光中漫步，呼吸清新的空氣，是人生一大享受。
樹苗,樹木的幼苗。[例]他在花市買了一棵樹苗，準備種在院子的一角。
徐徐,緩慢的樣子。[例]晚風徐徐吹來，令人心曠神怡。
虔誠,恭敬而真誠。[例]阿姨是位虔誠的基督教徒，每星期都會上教堂做禮拜。
燦爛,形容光彩美麗。[例]他的笑容如同太陽般燦爛，十分吸引人。
杜鵑花,杜鵑所開的花。花色和形狀各有不同。[例]公園裡的杜鵑花盛開，非常好看。　◎
鮮豔,鮮明亮麗。[例]今晚姊姊穿著鮮豔的衣服參加畢業舞會。
耀眼,1.光線強烈，使人目眩。[例]耀眼的陽光照射在金黃色的稻穗上，預示了豐收的喜悅。
飛翔,在空中飛旋。[例]在海邊，常見成群的海鷗飛翔著。
輕紗,輕軟細薄的絲、棉等纖維織品。[例]表演者身穿輕紗舞衣在臺上翩翩起舞。
屋簷,中國傳統建築中，由屋頂延伸出來超過牆壁略往下垂的部分。[例]突然下起雨來，沒帶雨具，只好暫時在別人的屋簷下躲雨。　△屋檐
垂掛,懸掛。[例]風鈴垂掛在窗前，微風一來，叮噹作響，甚是悅耳。
一股,1.由二條以上合成的物體，稱其一條為「一股」。唐．白居易〈長恨歌〉：「釵留一股合一扇，釵擘黃金合分鈿。」
清涼,涼爽。[例]夏天喝西瓜汁，既清涼又可口。
感覺,1.一種經由感官將外界的刺激傳達至神經，而在大腦產生識別反應的生理現象。[例]老年痴呆症初期會有感覺遲鈍的症狀。
舒服,身心感到輕鬆愉快。[例]她昨天感冒，身體不舒服。
味道,1.舌頭嚐東西所得到的感覺。[例]這碗湯的味道真好。
水溝,疏通流水的溝道。[例]我們要定期清除水溝，才不致於滋生蚊蟲。
連忙,趕緊、急忙。[例]大雨突然傾盆而下，她連忙把傘撐開。
短髮,短的頭髮，長度不超過肩膀的頭髮。[例]她剪了一頭短髮，看起來十分俏麗。
眼鏡,用玻璃片、水晶片等加上鏡架製成，戴在眼睛前，以矯正視力或遮住強烈光線、風沙的器具。[例]近視眼鏡、老花眼鏡、太陽眼鏡
書架,存放書籍的架子。[例]家中的書架擺滿了各類的書籍。
收拾,1.整理、處理。[例]每個人要負責收拾自己的房間。
吵鬧,1.爭吵，發生口角。[例]大家坐下來好好談，何必為了小事吵鬧不休呢？
麻雀,1.動物名。雀形目。圓頭，短尾，栗褐色，身上雜有黑褐色斑點，翅膀短小，善於跳躍，以穀粒和昆蟲為主要食物。[例]在田裡常見農人用稻草人嚇走麻雀。　△老家子、老家賊、家雀　◎
魔法,具有神祕色彩的法術。[例]相傳巫師具有治病、驅邪的魔法。
暗號,祕密的口令或記號。[例]初次見面，他們約定暗號，以便能認出對方。
腦子,1.腦髓、腦液。[例]安全帽保護頭部，就如同頭骨保護腦子一樣。　△腦漿
電腦,一種能接受資料並按照人為指示的方法處理，產生有效結果的裝置。通常由輸出入設備、中央處理器、主記憶體、算術和邏輯單元等五大部門組成。[例]在現代的社會中，電腦能迅速幫助我們處理事情。　△電子計算機　◎
魔術,利用各種道具，以祕密且快速的手法，做出超乎常理的表演。[例]他空手變出活鯉魚的魔術，博得滿堂喝采。
幫助,替人出力、出主意或給予物質上、精神上的支援。[例]我能順利完成學業，多虧兄長全力幫助。
特製,特別製造。[例]這家店特製的香酥麵包，遠近馳名。
工匠,具工藝專長的人。[例]那位打鐵工匠技藝精湛，所造的鐵器件件精良。
魯班,春秋時魯國的巧匠。參見「公輸般」條。
王宮,帝王所居住的宮殿。[例]凡爾賽宮是法國著名的王宮。
苦惱,憂愁煩惱。[例]事情並不如你想像中的糟，何必自尋苦惱？
了解,1.明白、知曉。[例]老師講得很清楚，所以每位學生都能澈底了解。　△瞭解
斧頭,砍伐樹木、劈削木材的用具。[例]伐木工人拿著斧頭到樹林裡砍樹。　△斧子
鋒利,1.銳利。[例]這把刀很鋒利，請小心使用。
速度,1.事物進行過程的快慢程度。[例]駕車經過市區，應減緩行車速度。
鋸子,以薄金屬片製成邊緣有銳齒的切割工具，專用來割鋸木、石、金屬等硬質固體材料。[例]鋸子是做木工時不可或缺的工具。　◎
善於,在某方面具有特長。如：「善於烹飪」。
觀察,仔細察看。[例]那個小男孩蹲在牆腳，好奇地觀察螞蟻的活動。
思考,1.思索、考慮。[例]事關緊要，你決定前要仔細思考一番。
曲尺,木匠用來量直角的尺。縱長橫短，形似直角三角形的勾股兩邊，上刻以分寸，用來度量相鄰面是否垂直或畫直角。　△矩尺
城市,街道寬廣、人口密集，有繁盛商業的地方。相對於鄉村而言。[例]她剛從鄉下到這個城市來謀生，一切都還不熟悉。
倫敦,城市名。位於英格蘭東南部，跨泰晤士河，為英國首都及政治、經濟、文化、交通中心，港口吞吐量居全國之首。世界主要的金融和貿易中心，外匯和黃金交易市場繁榮。市內交通便捷，有大英博物館、倫敦鐵塔、西敏寺、白金漢宮等名勝。泰晤士河倫敦橋下游有格林威治天文臺原址，為地球經度起算點。
解決,1.疏解紛亂，或處理問題有了結果。[例]他租到了一間公寓，解決了住的問題。
糾紛,有爭執的事情。[例]他們兩人之間的財務糾紛，不知何時才能理清？
律師,受當事人委託或法院指定，協助當事人進行訴訟、辯護或處理有關法律事務的專業人員。[例]這位律師以追求公義聞名，常提供弱勢者免費諮詢或訴訟協助。
改善,改變舊有的情況，使其變好。[例]加強人文教育是改善社會乖戾之氣的途徑之一。
擁擠,人、物眾多密集的樣子。[例]在擁擠的人潮中，要謹防扒手。
設計,1.預先規劃、製定圖樣。[例]室內設計、景觀設計
市議會,市級地方民意機關。由市民選舉議員，並由議員互選議長、副議長各一人組成，代表市民議決各種市政事務，並受理人民請願等事項。
議員,代議政治的國家，由人民選出具有合法資格，可以代表人民行使政權的人。[例]本區選出的議員，為民服務一向不遺餘力。
費用,開支、花費的款項。[例]家裡人口多，費用自然就大。
建議,1.向他人提出自己的主張。[例]他既然志不在此，我建議他及早另謀出路。
密碼,一種特別編定的祕密數碼。經常用於電訊傳遞，也有用於重要文件或其他事物者，藉以達成祕密通訊的目的。[例]銀行保管箱密碼的設定，是為了保障使用者的安全。
校慶,學校創立的紀念日。[例]即日起，校方將舉辦一系列活動來慶祝本校二十週年校慶。
掃描,1.利用電子光束、雷射光、無線電波、聲波、超音波等，依次定向、來回、有順序、週期性的移動過程。如雷達、聲納、電視、電腦都是藉著掃描，方能呈現或接收影像。[例]利用雷達掃描，可以偵測到是否有敵機入侵。
節目,泛指各種演出活動的項目。[例]特別節目、電視節目、廣播節目
流程,1.水流經的路程。[例]臺灣的溪流受地形影響，坡陡水急，流程較短。
連結,互相結合。[例]他連結校友的力量，為母校建了一座小型圖書館。
資料,1.可供參考或研究的材料或記錄。[例]取得第一手資料對研究問題具有很大的幫助。
影音,影像和聲音。[例]影音光碟、影音設備
車票,乘車所需的票券憑證。[例]請各位乘客拿出車票，以便列車長驗票。
周圍,環繞在物體四周的部分。[例]監獄的周圍架設著高壓電線，是為了防止人犯逃脫。
節省,節約儉省。[例]由於家境貧困，他從小就養成節省的習慣。
例如,舉例時的用語。置於所舉的例子前面，表示下面就是例子。[例]我的興趣很廣泛，例如集郵、運動、爬山、唱歌等。
生產,1.憑勞力工作，賺錢維持生活。[例]社會上若有太多不事生產的人，是國家的一大負擔。
優待券,可享受優越待遇的證券，為商業上招徠顧客的一種辦法。
錢包,裝錢的袋子。[例]上公車時，應將自己的錢包保管好，以免被小偷扒走。
人類,人的總稱。[例]狗是人類最忠實的朋友。
科技,科學技術。[例]科技發展日新月異，移民外太空的想法可能有機會實現。
油桐,植物名。大戟科油桐屬，落葉小喬木。原產於中國大陸，以四川、湖南的油桐，品質最佳。高約十公尺，葉呈卵形或心臟形，互生，初夏開小白花，雌雄同株。球形核果，種子可榨油，為製造洋漆、顏料、油墨等的原料。亦供作藥用，可消腫解砒毒。白色木材，質稍軟，可作箱材、床板、家具等。
初夏,夏季的第一個月，相當於陰曆四月。唐．陸龜蒙〈奉酬襲美先輩初夏見寄次韻〉：「覽物正搖思，得君初夏行。」《喻世明言．卷一三．張道陵七試趙昇》：「時值初夏，真人一日會集諸弟子，同登天柱峰絕頂。」
山腰,山的中部，半山處。[例]這座廟宇位於山腰，順著石階向上走就能到達。
覆蓋,掩覆遮蓋。[例]大地被白雪覆蓋成一片銀色世界。
抬頭,1.舉起頭來。[例]抬頭挺胸
枝椏,樹木旁生的小枝條。[例]春天一到，許多樹木都長出了新綠的枝椏。
樹梢,樹木的末端。[例]有隻小鳥停在樹梢上迎風鳴唱。
禮服,在重要場合或舉行典禮時所穿著的衣服。[例]他每次赴宴都會穿著禮服，以表示對主人的尊重。
肩頭,兩肩之上。[例]他剛從大雨中歸來，雖然撐著傘，肩頭上仍被淋溼了。
巴掌,手掌。[例]一個巴掌拍不響。
花瓣,構成花冠的各片。其構造與葉子相似，但細胞中含有各種不同的色素，故有不同的顏色。[例]某些花的花瓣形狀奇特，可以吸引昆蟲前來採蜜傳粉。　◎
童話,為兒童編寫的故事，適於兒童心理與興趣，行文淺易，多敘述神奇美妙的故事，啟發兒童的心智，增加幻想的空間。如格林童話、安徒生童話等。[例]「愛麗絲夢遊奇境記」是世界有名的童話。
野柳,1.野生的柳樹。
地質,泛指地殼中岩石或礦物的種類、性質、成分、分布和結構。[例]海岸平原的地質成分多是砂和黏土等堆積物。
烏龜,1.動物名。身體呈扁形，背部有長圓形硬殼，黑褐色。有花紋，頭尾及四肢皆可縮入甲殼內。趾有蹼，能游泳，生長在湖泊、河川中，以雜草、小動物為食。甲殼可以入藥。也稱為「王八」、「元緒」。
仙女,女性仙人。[例]媽媽常希望自己是個仙女，魔法棒一揮，東西就會歸回原位。
排列,1.依照次序排成行列。[例]遠處一片綠油油的稻田，如棋盤般整齊的排列著。
燭臺,用以固定蠟燭的器物。多用銅錫陶瓷等材質製成，有承盤及底座。[例]我家神桌上的燭臺是祖父留下來的，已經傳承三代了。
圓潤,1.圓滿豐潤。[例]她戴上圓潤的珍珠項鍊，更襯托出典雅的氣質。
岩石,構成地球外殼的礦物集合體。可分為火成岩、沉積岩、變質岩三種。是地球上岩石圈的主要物質。[例]爸爸最喜歡蒐集各種形狀的岩石。
香菇,植物名。擔子菌類香蕈科香蕈屬。腐生植物。生於松、栗等枯木枝幹上，子實體肉質，菌蓋表面褐色，菌褶白色，菌柄略彎曲。目前都以人工培養，供食用。也稱為「香菌」、「香蕈」。
豆腐,將黃豆浸水後磨成豆漿，加入鹽滷或石膏使凝結成塊，再壓去部分水分所製成的食品。[例]豆腐不但細嫩爽口，也具有豐富的營養價值。　△豆脯、菽乳
雕塑,1.雕刻塑造。[例]這尊石膏像雕塑得栩栩如生，十分逼真。
鬼斧神工,鬼神的斧斤、工夫。形容景觀奇特或技藝精巧，像是鬼神所造。[例]這件雕塑被評審們一致推崇為鬼斧神工之作。
冰河,在高山或兩極地區，積雪終年不化，雪層變厚，由其本身的壓力而變成冰塊，又因重力作用而沿著山坡移動，滑入溝澗，便形成冰河。[例]科學家指出因為地球溫度逐年升高，極地的冰河溶解，移動速度也逐年加快。　△冰川
陸地,地球表面除去海洋、湖泊、河川等的部分。[例]青蛙是兩棲類動物，能夠在水中和陸地兩種不同的環境生活。
皮膚,覆蓋於高等動物表面的構造。由外而內分為表皮、真皮和皮下組織三層，具有保護、呼吸、排泄、調節體溫等功用。[例]他因為食物過敏，皮膚上長出一粒粒的疹子。
黏液,生物體內所分泌出的黏稠液體。如口水、鼻涕、痰等。[例]鰻魚身上有黏液，滑溜難捉。
保持,維持相同的狀態。[例]保持現狀、保持身材
敵人,仇敵，與己方有仇恨而相對抗的人。[例]他們因為立場不同，竟然由好友變成了敵人。
縫隙,空隙。[例]冷風從窗戶的縫隙中吹了進來。
產卵,卵生動物的卵在體內成熟後產出體外。[例]這本書詳細介紹了魚蝦的產卵過程。
砍伐,用刀斧劈砍樹木。[例]適度砍伐林木，才不會造成森林迅速消失，危及地球生態環境。
地球,行星名。距離太陽第三近的行星，有一顆衛星（月球）。最大的類地行星，形狀呈橢圓形。人類與其他生物居住於此，是太陽系中最適合生命居住的天體，表面大部分由海洋覆蓋，有板塊活動。　◎
漁夫,以捕魚維生的男子。[例]漁夫將捕來的魚獲賣給魚販，以賺取所需。
夫婦,夫妻。
水藻,植物名。小二仙草科狐尾藻屬。「聚藻」之俗稱，參見「聚藻」條。
恩情,恩惠、深厚的情義。[例]父親至今仍不忘當年同袍冒死搭救的恩情。
回報,1.報告或答覆事情的處理情形。[例]警察以無線電向總局回報火災灌救現場的最新狀況。
波濤,1.大波浪。[例]颱風來襲時，海面上波濤洶湧，猶如萬馬奔騰。
風暴,1.暴風雨、大風大雨。[例]本地剛遭到風暴的侵襲，損失慘重。
僕人,舊時指被僱用至家裡，供使喚做雜務的人。[例]那位員外富甲一方，家中僕人著實不少。
無聊,1.煩悶、精神空虛，沒有依賴寄託。[例]周而復始，一成不變的生活常會令人感到人生很無聊。
轟隆,狀聲詞。形容打雷、爆炸、機器運轉等發出的巨大聲響。[例]工人用火藥炸開山壁，發出轟隆巨響。
老虎,→虎1.
布幕,1.垂掛用的布幔。如：「舞臺上的布幕一拉開，戲就開始上演了。」《警世通言．卷二八．白娘子永鎮雷峰塔》：「許宣轉到裡面，只見：四扇暗槅子窗，揭起青布幕，一個坐起。」
不夠,不足，未達到所需求的標準。[例]這次活動因經費不夠而被迫取消。
威風,1.令人敬畏的氣勢。[例]長他人志氣，滅自己威風。
晚餐,晚間用的正餐。[例]他們家的晚餐時間通常是在七點左右。
道理,1.事情的真理、法則。[例]我們可以從工作中學得做人做事的道理。
獵人,以狩獵為業的人。[例]他的槍法準、反應快，是一個相當出色的獵人。
胃口,1.食欲。[例]他的病剛痊癒，所以胃口不是很好。
逃跑,逃亡、逃走。[例]車禍發生之後，肇事者竟駕車逃跑，棄傷患於不顧，真是泯滅天良。
村民,鄉村、村落的居民。[例]村民不分男女老幼，都前來參加一年一度的迎神廟會。
驚慌失措,驚嚇慌張得不知如何應付。[例]小男孩因為與父母走散了而顯得驚慌失措。
歌謠,民間歌曲或通俗歌曲。[例]兒童歌謠、鄉土歌謠
提醒,從旁提示或指點，使人注意。[例]多虧你提醒，我才沒錯過今天的會議。
老伯,對年老男性長者的尊稱。[例]這位老伯平日喜歡運動，雖然年過七十，身體還很硬朗。
跌跤,1.跌倒摔跤。[例]天雨路滑，小心別跌跤了！
千萬,1.數目的名稱。在百萬之上，億之下。[例]一千萬
糟糕,指事情或情況很壞。[例]火車快開了，他若趕不上就糟糕了。
唉聲嘆氣,因煩悶、傷感等而嘆息。[例]眼看這個假期因下雨而泡湯，他不禁唉聲嘆氣。
毫無,一點也沒有。[例]毫無限制地砍伐森林會造成地球環境惡化。
游泳,一種體育運動。為人在水中靠自力漂浮，並以各種不同姿勢划水前進的水中運動。常用的游姿有捷泳、蛙泳、蝶泳、仰泳等。[例]游泳之前，應先做暖身體操。　◎
一般,1.同樣、同等。[例]他們兩人年紀相同，長得也一般高。
多采多姿,形容姿態多樣，色彩迷人。後引申為內容豐富華麗，且變化多端。[例]他的生涯多采多姿，令人羨慕！
滑行,滑動前進。[例]他喜歡溜冰時那種任意滑行的快感。
遨遊,逍遙自在的遊歷玩賞。[例]人類羨慕小鳥自由的在天空中遨遊，於是有了飛機的發明。
緩緩,緩慢、慢慢。[例]國旗緩緩上升，在藍空中飄揚。
陀螺,一種木頭製的圓錐形玩具。下端有鐵尖，圍繞上繩子後，急甩出去，落地後就能在地上直立旋轉。[例]王先生是玩大陀螺的能手，每次表演，總吸引大批人潮圍觀。　◎
轉身,回轉身軀。[例]他把事情交代完畢後，一轉身就離開學校了。
水陸,1.水路與陸路。《文選．左思．蜀都賦》：「水陸所湊，兼六合而交會焉。」《三國演義》第一五回：「策分兵水陸並進，圍住吳城。」
煩惱,1.情緒愁悶而不快活。[例]令人煩惱的事情難免，我們得看開點！
招招手,揮動手，表招呼或示意前來。如：「如果需要，請招招手，我們隨即就來支援。」
食糧,泛指一切米穀及食物。[例]農業生產技術不斷改良進步，食糧短缺的情事已鮮有所聞。
姐姐,稱謂：(1) 稱同父母所生而比自己年長的女性。[例]從小我就跟姐姐感情很好，無話不談。　(2) 稱同輩親屬中比自己年長的女性。　(3) 對一般比自己年長女性的尊稱。
爭吵,爭鬥吵鬧。[例]寬容與體諒是避免爭吵的不二法門。
警察,依法以維持公共秩序、保護社會安寧、促進人民福利為主要任務的人。[例]警察打擊犯罪，保護民眾安全，可說是人民的保母。
小偷,竊賊。[例]他們合力抓住小偷，將其扭送警局。
跳繩,1.一種民俗體育運動。為一種跳越繩子的運動或遊戲。通常是把繩子掄成圓圈，人趁繩子近地時跳過去。有單腳跳、雙腳跳、交叉跳、轉身跳等多種花樣。[例]花式跳繩不僅能訓練靈活的身手，同時也能考驗團隊之間的默契。
依依不捨,非常留戀、捨不得。[例]直到寒假結束，我們才依依不捨的辭別外婆，回家準備開學。
結束,終結、了結。[例]雙方因實力相差懸殊，因此比賽在七局上半場便提前結束。
暫停,進行中作短時間的中止。[例]比賽中藍隊的教練要求更換球員而使比賽暫停。
邀約,邀請、約請。[例]星期日的義賣活動，請各位同學邀約家人、朋友來共襄盛舉。
遙不可及,距離遙遠無法到達或形容沒有希望。[例]科技的日新月異，使得人類探索宇宙的夢想不再是遙不可及了。
熟能生巧,熟練了自然能領悟出竅門。[例]所謂「熟能生巧」，只要肯勤加練習，對於這部機器就能操作自如了。
反彈,1.物理學上指作用力施於物體的同一時間，必產生相等而相反的動量，稱為「反彈」。[例]壁球是利用反彈原理研發而成的運動項目。
不曾,從不。[例]雖然責任相當重，但他卻不曾埋怨過。
指揮,1.發號施令，指示別人行動。[例]警察在十字路口指揮交通，以維持交通的順暢。
此起彼落,這裡起來，那裡落下。形容連續不斷。[例]過年時鞭炮聲此起彼落，好不熱鬧。
喧鬧,喧譁吵鬧。[例]為了避免抗議隊伍喧鬧滋事，部長決定接見部分代表。
優美,良好、美妙。[例]此地山明水秀，風景優美，值得一遊。
弧線,彎曲如弓的線條。[例]雨後的彩虹呈弧線掛在天邊，美麗極了。
馬偕,馬偕(1844~1901)為加拿大基督教長老會遣派來臺灣的傳教士；一八七二年，馬偕由加拿大，經廈門轉來臺灣北部淡水，開始他為時二十九年之久的宣教工作。馬偕為加拿大長老會派往國外宣教的第一位傳教士，他在臺灣北部與東北部宣教，所面對的有閩南族群、客家族群、平埔族群、原住民族群，馬偕均能應付自如，共建立了六十所教會，以致被推許為舉世罕有的偉大傳教士之一。馬偕採多元化的傳教策略，創立神學院，以培養本土的教會人才。又利用醫療方式，接近民眾，馬偕本人不是醫生，但他受有豐富的醫學知識，因此每在外地傳道旅行時，帶著一些常用的西藥，醫治各類的疾病，這在無形中拉近了雙方的距離，十分有助於基督教的傳播。此外而馬...
醫院,診治或看護病人的機構。[例]身體有了病痛，最好立刻上醫院去看醫生。
生命,1.生物生存的壽命。[例]生命是很可貴的，應該好好珍惜。
奉獻,恭敬的交付、貢獻。[例]他將畢生的心力奉獻給教育事業。
醫療,醫治療養。[例]經過多日悉心的醫療，她的病日漸痊癒了。
衛生,1.預防疾病，追求健康的觀念和措施。[例]維護公共衛生，人人有責。
藥品,可以用來防治疾病的物質。[例]這些藥品經檢驗合格，患者可以安心服用。
治病,醫療疾病。[例]醫生治病，常需精密的儀器輔助。
翻山越嶺,形容長途跋涉、旅途辛苦。[例]登山隊在翻山越嶺、長途跋涉之後，終於攀登上主峰的山頂。
捐錢,捐獻金錢。如：「他慨慷解囊，捐錢助救貧苦的孤兒。」《文明小史》第三二回：「我想我們濰縣，富商也還不少，他們歷年往城隍廟裡捐錢賽會，一年何止千金？」
食宿,飲食和住宿。[例]他到歐洲旅遊，食宿都請旅行社代為安排。
學堂,古代學生受教育的場所，相當於現今的學校。[例]王冕幼時喪父，全靠母親做些針線，才能供他到村裡的學堂讀書。
濃濃,濃厚、盛多的樣子。如：「濃濃情意」。《詩經．小雅．蓼蕭》：「蓼彼蕭斯，零露濃濃。」
海倫‧凱勒,海倫‧凱勒(1880~1968)是一位美國殘障教育家；一八八○年出生於美國阿拉巴馬州，一歲半時，由於胃與腦急性充血引發腹痛，接著喪失了視覺與聽覺。這一場無情的病魔摧殘，造成她盲、聾、啞三重障礙，幸遇其師梅西(A. Sullivan Macy)夫人（又稱蘇利文女士）之教育，並施予溫情與鼓舞，讓海倫凱勒得以克服這些困難，發現人生光明面。她憑觸覺接受蘇利文女士之教育，同時由於配合應用一種特殊打字機而能夠閱讀。一八九○年，師隨波士頓何瑞斯曼盲啞學校校長富勒女士(Sarah Fuller)，學習觸讀法與發音；其後，又在紐約的萊特哈瑪特聾啞學校進修，一九○○年進入哈佛大學的雷德克里夫學院，四年後獲學士...
學業,學習的課業。[例]由於家境清寒，他以半工半讀的方式完成學業。
勵志,激勵奮發向上的心志。[例]勵志小品
寧靜,安靜、平和。[例]走在寧靜的街道上，晚風徐徐吹來，舒服極了。
視力,眼力。常人在一定距離內，眼睛辨識事物的能力。[例]他經常在行駛中的公共汽車上看書，視力會因而受損。
注意,關注留意。[例]過馬路時，必須小心注意兩方來車。
單憑,只憑藉。如：「你怎麼能單憑別人的三言兩語，就認定他是小偷呢？」
蓓蕾,1.含苞未開的花。[例]花園裡含苞待放的蓓蕾，讓人滿心期待。
任何,無論什麼。[例]任何原因、任何理由
地毯,鋪在地面上的毯子，多為毛織物，亦有用棉、麻等質料製成。[例]這張色彩鮮麗的地毯，將大廳襯得華麗無比。
舒適,舒服安適。[例]父母辛苦的工作，是為了使我們的生活更舒適。
五彩繽紛,形容色彩繁多，鮮豔絢麗。[例]天空中五彩繽紛的煙火，令人目不暇給。
盡力,竭力。[例]凡事盡力就好，不要太在意結果了。
開朗,1.明亮、開闊。[例]一眨眼之間，太陽已升上山頭，天色豁然開朗。
母親,1.稱謂。對媽媽的稱呼。[例]最難報答母親恩，母親恩情海樣深。　◎
冷酷,對人冷漠、毫無感情。[例]面對親人的過世，他一點也不悲傷難過，真是個冷酷無情的人。
磨練,鍛鍊、考驗。[例]磨練心志
攀登,用手抓住東西往上爬。[例]他攀登過很多有名的山峰。
訓練,經由有計畫、步驟的指導，並實地操作練習，使受訓者具有某種特長或技能。[例]這隻狗經訓練之後，成為非常優秀的導盲犬。
谷底,1.山谷的底部。[例]谷底有一條清澈的小溪，最適宜人們垂釣、戲水。
咖哩,用胡椒、薑黃、番椒、茴香、陳皮等的粉末製成的調味品。色黃、味香而辛辣，以印度所產最為著名。§英curry[例]媽媽用咖哩做了一道色香味美的燴飯。　△咖喱
印度,國名。位於亞洲南部，介於孟加拉灣與阿拉伯海之間。參見「印度共和國」條。
甩餅,印度甩餅，是馬來西亞印度裔發明的食物。做法是將和好的小片麵皮，多次旋轉向上拋甩，形成大而薄的圓餅，再放到鍋上烙熟。[例]每次去吃印度料理，一口甩餅一口咖哩，美味極了。
食材,食物的原始材料。[例]為了推廣當地食材，小農市集特別舉辦美食比賽。
醬料,用來醃漬食材或增加食物風味的佐料。多呈糊狀或液態。[例]外婆自製的獨門醬料是我難以忘懷的童年記憶。
義大利,國名。位於南歐的義大利半島上。參見「義大利共和國」條。
麵條,麵粉製成的條狀食品。[例]媽媽說要等水煮開了才能下麵條。
濃郁,香氣濃烈。[例]這束花不但顏色鮮麗，而且香味濃郁。
壽司,一種日本料理。在剛蒸熟的飯中，放入醋、糖、鹽等調味料，攪拌均勻，使之冷卻。然後在細竹簾上先鋪一層海苔皮或豆皮，鋪上一層飯後，再鋪上生魚片、漬菜、炒蛋等食品，最後再壓緊成筒狀，切成小塊食用。§日すし[例]壽司是最大眾化的日本料理。
未知,不知道。[例]雖然動過緊急手術，可是能否能安然存活，尚在未知之天！
居高臨下,位在高處，可向下俯視。或比喻處於有利的地位。[例]這個城市居高臨下，易守難攻，自古以來即為軍事堡壘。
大樓,高大的樓房。[例]這地區辦公大樓林立，市容非常壯觀。
長頸鹿,動物名。哺乳綱偶蹄目長頸鹿科。原產於非洲撒哈拉以南的大部分地區。形略似鹿，腿和頸部甚長，視覺和聽覺都很好，毛淺黃色，有淺棕褐色斑點。群居，生活在平原和開闊的灌木地區，以金合歡屬植物的葉為食。步距長，跑得很快，性情馴順。[例]長頸鹿是地球上最高的動物。　◎
代表,1.由機關、團體選舉出來或受委託、指派以代替眾人辦事或表達意見的人。[例]鄉民代表、會員代表
經濟,1.指人類利用種種財貨，來滿足欲望的一切行為及狀態。通常指一國國民的生產、銷售及分配關係，或指國家、個人的收支狀況。[例]經濟恐慌、經濟建設
地震,由地球內部變動所引起的地殼位移。[例]地震時，要儘速逃往空地，或躲到牆角、桌下。
通訊,信件、訊息或信號的傳遞。[例]颱風過後，電話的通訊不良，常有雜音干擾。
吉隆坡,城市名。位於馬來半島西側中部，新加坡西北。馬來西亞的首都，市內有華麗的建築，廣闊的道路及清靜的公園，四郊多橡園與鉛礦，是馬來西亞最繁盛的都市，亦為鐵路交通中心。
連通橋,連繫兩地或多地交通的橋梁。[例]這裡的商業大樓間設有多座連通橋，行人往來十分安全且便利。
泰國,國名。位於東南亞中南半島中部。參見「泰王國」條。
華麗,豪華美麗。[例]他衣飾華麗，大概是有錢人家的子弟。
和尚,泛稱男性僧侶。[例]他晚年看破紅塵，出家當了和尚。　△沙門、僧人
逛逛,隨意走動。[例]爸爸常在假日時，帶我們去逛逛書店或看看電影。
埃及,國名。位於非洲東北部及亞洲的西奈半島。參見「埃及阿拉伯共和國」條。
尼羅河,發源於東非高原的一條河流。上游的白尼羅河與藍尼羅河在蘇丹喀土木會流，成為尼羅河主流。流經蒲隆地、坦尚尼亞、盧安達、薩伊、肯亞、烏干達、蘇丹、衣索比亞、埃及等國，下游在埃及開羅附近進入尼羅河三角洲，注入地中海。全長約6648公里，為世界最長的河流。每年定期氾濫，使沿岸土壤更加肥沃。河口三角洲是世界古文明發祥地之一。[例]古埃及文明發源於尼羅河，對近代西方文化的發展有重大影響。
地勢,地面高低起伏的形勢。[例]地勢陡峭、地勢平坦
低窪,地勢凹陷，比四周低下。[例]颱風來襲後，低窪地區要嚴防豪雨成災。
築堤,建築堤防。[例]築堤修路
防潮,1.防止潮溼。[例]為了防潮，他特地在箱子裡放了些乾燥劑。
鬱金香,植物名。百合科山慈姑屬，多生年草本。原產於小亞細亞。葉接莖下部互生，呈廣披針形或橢圓狀披針形，葉緣略向內捲。花似倒鐘形，亦稱為「鬱金香」，花瓣六片，有單瓣也有重瓣，很容易產生變種。原種為白色紅緣，另有赤、黃、白、紫等色。主供觀賞。[例]鬱金香是荷蘭花卉出口的大宗。
奇幻,非常神奇，好像夢幻一般。[例]魔術師的奇幻表演，讓現場觀眾驚嘆不已。
旋律,若干高低、長短、強弱不同的樂音，依節奏上的一定組織關係連續奏出，稱為「旋律」。是構成音樂的基本要素，可以表現出音樂的內容、風格及體裁。[例]這首老歌旋律優美，令人百聽不厭。
一瞬間,比喻很短的時間。[例]在風勢的助長下，那棟木造的房子在一瞬間就被大火吞噬了。
體驗,親身體會、感受。[例]暑假時我們打算到鄉下小住幾天，體驗一下農家生活。
芝麻,植物名。胡麻科胡麻屬，一年生草本。莖方形。葉長，對生或互生，呈橢圓形或卵形。花單生於葉腋，表面有毛，向側方下垂，呈白色或雜有淡紅色。果實為長橢圓形的蒴角，熟後縱裂。種子小而扁平，有白色及黑色等數種，可供食用或榨油。大多分布於熱帶地區。[例]多食用芝麻，據說可使頭髮變得更加烏黑亮麗。　△胡麻、油麻
大盜,強行掠奪別人財物的人。[例]江洋大盜、蒙面大盜
邁開,跨出、踏出腳步。如：「他說完後，就邁開步子走了。」
臉龐,面容、臉蛋。[例]我永遠忘不了他領獎時，臉龐上所呈現的驕傲神情。
榮華富貴,顯榮發達，財多位尊。[例]釋迦牟尼捨棄王宮中榮華富貴的生活，苦身修道，終成正果。
背心,一種蔽護胸背的無袖上衣，可分兩種：一種是貼身的汗衫，一種是配合其他衣物，套穿於外面。　◎◎
懷錶,裝在衣袋裡可隨身懷帶的錶。比一般手錶大，錶外加蓋。也作「懷表」。
上鎖,把門或開關用鎖鎖上。《初刻拍案驚奇》卷一七：「坐到夜深，悄自走去看看，腰門掩著不拴，後門原自關好上鎖的。」《紅樓夢》第七四回：「至晚飯後，待賈母安寢了，寶釵等入園時，王家的便請了鳳姐一併入園，喝命角門皆上鎖。」
鑰匙,開鎖的器物。[例]小明出門時忘記帶鑰匙，只好站在門外等媽媽回來。　△鎖匙
果汁,用水果擠榨出來的汁液，或以水果汁液做成的飲料。如檸檬汁、葡萄汁等。[例]多喝果汁可以美容養顏。
標示,標明、揭示。[例]這塊牌子標示著「遊客止步」。
迫不及待,比喻情況或時間急切，不能再等。[例]為了知道選舉結果，大家迫不及待的打開電視觀看選情報導。
口袋,縫在衣物上的袋子。[例]他喜歡穿有口袋的上衣，以便放置隨身物品。
盒子,1.有底、蓋可相合的盛物器皿。[例]請把那個裝針線的盒子放在縫紉機旁邊。
扇子,一種搖動生風以驅除熱氣的用具。[例]爺爺搖著扇子在庭院裡乘涼。
遲到,到達的時間超過了既定的時限。[例]遲到早退是不好的行為。
妻子,妻與兒女。[例]他與妻子四人常利用假日到郊外踏青。 / 稱男子的配偶。[例]他和妻子之間相敬如賓，甚少有口角發生。
耐心,心情平和而不厭煩、急躁。[例]王老師非常有耐心的解決學生們的問題。
皮革,獸皮經過去毛、去脂等處理而製成的熟皮。[例]皮革可以做成各種皮製品，如皮鞋、皮包、皮衣、皮帶等。
雙倍,兩倍。[例]他以雙倍的價錢買下拍賣的骨董。
謎團,比喻事物隱晦不清，讓人難以明白、理解。[例]這件命案調查至今已近一年，仍是謎團重重。
鐘聲,敲鐘所發出的聲音。唐．張繼〈楓橋夜泊〉詩：「姑蘇城外寒山寺，夜半鐘聲到客船。」
小精靈,1.北歐神話中的人物。有親切可愛的白精靈和兇惡調皮的黑精靈。
鐵鎚,鐵製的鎚子。[例]用鐵鎚釘釘子，也要有技術，才不會釘歪了。
嘖嘖稱奇,對事物的奇妙讚嘆不已。[例]看過那位氣功大師現場表演的人，莫不嘖嘖稱奇。
內心,1.泛指思想或感情。因為心是思想的主體，二者又都在身體內，故稱為「內心」。[例]他經過不斷的努力，終於考上理想的學校，因此內心充滿喜悅。
潔白,乾淨清白。[例]她穿了一身潔白的衣服，看起來像天女下凡。
環境,泛指地表上影響人類及其他生物賴以生活、生存的空間、資源及其他有關的事物狀態。[例]社會環境、學習環境、居住環境
甚至,表示更進一層的連接詞。[例]他忙得甚至連吃飯時間都沒有。
懶散,懶惰散漫的樣子。[例]為了避免退休後日漸懶散，他決定投身社會的公益活動。
雜亂,混雜凌亂的樣子。[例]他日夜繁忙，疏於打理家務，屋內雜亂不堪。
調和,1.烹調五味。[例]廚師善於調和五味，烹飪佳餚。
雜草叢生,野草生長得很多。[例]後院荒廢已久，處處雜草叢生。
舒暢,舒適暢快。[例]身心舒暢
格格不入,彼此牴觸，不相調和。[例]這幅西洋油畫掛在古色古香的大廳上，顯得格格不入。
自言自語,自己對自己說話。[例]只見他高興得手舞足蹈，自言自語，不知有什麼奇思妙想？
窮困,生計窘迫或境遇艱難。[例]雖然家境清寒，生活窮困，他仍然勤奮向學。
三餐不繼,形容生活貧困，連吃飯都有一餐沒一餐的。[例]他因生意失敗，導致全家三餐不繼。
研讀,研究誦讀。[例]老師指導我們研讀課外書刊，以增廣知識。
準備,1.事先安排或籌劃。[例]事前有充分的準備，臨時才不會手忙腳亂。
化緣,僧、尼、道士向人乞求布施。因布施者與仙佛結下善緣，故稱為「化緣」。[例]為籌措修繕古剎的經費，住持和尚到處化緣。
到達,抵達某一地點或目的。[例]依目前的情形估計，我們大約下午三點鐘可到達目的地。
慚愧,1.羞愧。[例]他在發現自己做錯事後，感到十分慚愧後悔。
顧慮,顧忌、憂慮。[例]確立奮鬥目標後，即當放手去做，不必顧慮太多！
絆腳石,在路上會絆人腳的石頭。比喻阻礙進展的人或事物。[例]猶豫是成功的絆腳石。
啟事,在報刊或布告欄上的公開聲明。[例]尋人啟事、道歉啟事、遺失啟事
宣傳,1.公開傳播宣揚，使眾人知曉。[例]這部影片的主角近日將隨片來臺，進行宣傳。
選拔,挑選優秀、適合的人選。[例]他在這次歌唱選拔大賽中表現優異，從眾多參賽者中脫穎而出。
勤奮,勤勞奮發而不懈怠。[例]他工作勤奮，正一步步朝自己的理想前進。
剛健,剛堅強健。[例]剛健中正、剛健篤實
厲害,1.猛烈、強烈。[例]他看了那幕驚險的鏡頭，心跳得很厲害。
蝸牛,動物名。軟體動物門腹足綱。為一種有肺的軟體動物，外殼扁圓。頭有四個觸角，其中一對較長。尖端有眼，用腹足蠕動前進。雌雄同體，對農作物有害。[例]蝸牛走過的地方，會留下一道白色透明的黏液。　△篆愁君、水牛兒　◎
駱駝,動物名。哺乳綱偶蹄目駱駝科。原產於北非、阿拉伯、伊朗、中亞和西班牙等地。身形高大，背上有駝峰，分為單峰和雙峰兩種。雙重眼瞼，可擋風沙。腳下有肉墊，適於行走沙漠。能反芻，有高度耐飢渴的能力。可供騎乘及載貨，是沙漠中的主要負重動物。[例]駱駝的胃裡有可儲水的小泡泡，所以牠可以好幾天不喝水。　△沙漠之舟　◎
眉頭,兩眉之間。[例]他心情不佳，終日眉頭深鎖。
遊艇,供人運動或遊樂的小艇。[例]每逢假日，他喜歡和幾個朋友乘遊艇到外海垂釣。　◎
拭目以待,比喻期待事情的發展及結果。[例]他撰寫的新書即將出版，許多讀者都拭目以待。
稻米,稻子去殼後的米粒。[例]政府推出許多用稻米製作的點心食譜，以鼓勵國民多多食用。
蘿蔔糕,用糯米漿加上蘿蔔絲、蝦米等配料蒸製而成的食品。[例]過年時媽媽總會買塊蘿蔔糕，以討個好采頭。
米漿,用米和花生磨製而調成的濃稠汁液。[例]一杯米漿，一根油條，就是他多年來固定不變的早餐。
發財,1.獲得很多金錢。[例]他為了發財，不惜從事投機事業。
艾草,→艾
健康,生理及心理機能正常，強壯安適，沒有缺陷和疾病。[例]健康就是人生最大的財富。
粽子,我國民間端午節應節的食品。以竹葉或蘆葉包裹糯米而成。有各式口味，如肉粽、鹼粽、豆沙粽等。
推陳出新,除去老舊的，創造出新的事物或方法。[例]本公司的產品要不斷的推陳出新，以迎合顧客的需求。
書籍,書本冊籍的總稱。[例]王教授將他生平珍愛的一些書籍捐贈給圖書館。
出版,將文稿、資料等編印成圖書報刊，以供出售或傳布。[例]這位作家的新作即將出版，預約可享八折優待。
簡介,簡明扼要的介紹。[例]一般國家公園多備有手冊，簡介園內的環境和歷史。
哭泣,哭。[例]他個性堅強，遇到挫折從不哭泣。
過敏,1.人體對環境中某些物質反應特別敏感而產生不適的現象。[例]藥物過敏、花粉過敏
發癢,1.皮膚受外物刺激，而產生想要抓搔的感覺。[例]他因皮膚過敏而全身發癢。
麥芽糖,穀物胚芽中的澱粉酶把澱粉分解製成糖，這種糖稱為「麥芽糖」。是一種有機化合物，為兩分子葡萄糖組成的雙醣類。易溶於水，甜味不及蔗糖，主要用於食品工業上，可作滋養劑，及製造糖果、酒精。[例]糖葫蘆外面裹著一層麥芽糖，甜甜的，是小孩子喜歡的零食。
封面,書籍雜誌等的外層。[例]這本書的封面設計很別緻。
發酵,有機物質受細菌或酵母菌的作用，發生化學變化，產生酒精的過程。[例]酵母菌行發酵作用時，可以將糖分解為酒精和二氧化碳。
讚嘆,讚美、驚嘆。[例]面對尼加拉瀑布的壯麗景觀，我不禁讚嘆大自然的奧妙神奇。
穿插,1.交雜。[例]在一大束紅玫瑰中穿插一些白色的滿天星，別具一番風貌。
紅磚,紅色的磚頭。如：「我老家的房子，是用一塊塊的紅磚砌成的。」《西遊記》第五九回：「只見那路旁有座莊院，乃是紅瓦蓋的房舍，紅磚砌的垣牆，紅油門扇，紅漆板榻，一片都是紅的。」
昂貴,價格很高。[例]進口的名牌貨品價格都比較昂貴。
繁榮,興盛發達。[例]由於財經策略運用成功，臺灣經濟日益繁榮。
葫蘆,1.→扁蒲
彎彎曲曲,不直、曲折。[例]這條山路彎彎曲曲，非常難走。
狹窄,1.寬度窄小。[例]自從那條狹窄的外環道路拓寬後，塞車的狀況改善不少。
家喻戶曉,家家戶戶都知道，形容事情或名聲傳布極廣。[例]她是家喻戶曉的大明星，因此一舉一動都格外引人注目。
芬芳,1.香氣。[例]百花競吐芬芳。
足跡,1.腳踏過的痕跡。[例]沙灘上印下我們相偕走過的足跡。
移動,改變原來的位置或方向。[例]他很不喜歡別人隨便移動書房中的文物。
傳輸,傳導輸送。[例]此地設備落伍，傳輸緩慢，因此所能取得的資訊有限。
鍵盤,1.鋼琴、風琴上排列著黑白鍵的部分。如鋼琴鍵盤、風琴鍵盤。[例]她的琴藝高超，只見手指在鍵盤上靈活的躍動，美妙的音樂就流瀉而出。
饑荒,五穀不生、果類不熟。[例]非洲地區土地貧瘠，氣候不良，因此常鬧饑荒。
分配,分攤、調配。[例]各種能源都應該合理分配運用。
平均,輕重相等，分量一致。[例]這次聚餐的費用，是由參與的同學平均分攤。
變遷,事物的變化、改移。[例]世事的變遷常令人有滄海桑田的感覺。
導致,促成、引起。[例]他們夫妻倆因長期溝通不良而導致分手。
惡化,情況轉壞。[例]病情惡化、水質惡化
攜手,1.手拉手。比喻感情親密。[例]經過多年的愛情長跑，他們終於決定攜手共度未來。
與眾不同,獨樹一幟，和一般人不同。[例]他喜歡標新立異，連穿著也與眾不同。
看家本領,自己特別專長，但不輕易顯露的技藝。[例]短打觸擊是中華隊的看家本領，使得對方守備陣容大亂。
得天獨厚,形容人的天賦、社會條件，或是地方的自然環境特別優越。[例]她有一副得天獨厚的好嗓子，因此一出道便大受歡迎。
腳趾,腳上的趾頭。[例]她因為走了太多路，腳趾上都起了水泡。　◎
構造,物體的組織。[例]人體的構造非常精妙，非人工技術所能模擬。
輕易,1.簡單容易。[例]這不是件輕易的事，大家要先有心理準備。
壁虎,動物名。爬蟲類有鱗目蜥蜴亞目。脊部色灰暗，身體扁平，四腳上有吸盤，能游行於天花板或直立的牆壁上。[例]壁虎的尾部尖長，遇到敵襲時常自斷逃生。　◎
輕而易舉,形容簡單容易，不費力。[例]對他而言，這件事輕而易舉，難不倒他的。
研究,1.深入探索事物的性質、規律、道理等。[例]老師要同學們種植綠豆，以研究它的生長過程。
肢體,身體四肢。[例]他雖然肢體稍有殘缺，但毅力卻比一般人還要堅定。
身懷絕技,具有獨特的技藝。[例]這部武俠片的主角，個個都是身懷絕技、功夫了得的武林高手。
不僅,1.不止、不單。[例]這不僅是他個人的意思，也是全體同學的想法。
阿姆斯壯,人名。（西元1930～2012）美國太空人，出身清寒，印第安那州普渡大學修航空工程，獲南加州大學碩士，曾任俄亥俄州辛辛那提大學航空工程系教授。一九六九年與艾德林同時登陸月球，成為人類史上登月的第一人。
津津樂道,形容很有興味的談論。[例]當年小王見義勇為、捨身救人的事蹟，至今仍為眾人津津樂道。
嘗試,試一試、試驗。[例]在還沒確定自己的志向前，不妨多方嘗試一下。
探測,探察偵測。[例]海底探測
太空總署,世界各國為研究太空、開發太空計畫而設立的總體性中心機構。如美國太空總署。
大富翁,1.非常富有的人。[例]他希望有朝一日能成為世界數一數二的大富翁。
嚮往,思慕而神往。[例]桃花源的生活令人嚮往。
吸引,吸收導引。[例]這家餐廳打算重新整修裝潢以吸引顧客上門。
催生,1.用藥物或其他方法，使胎兒提早出生。[例]產婦若羊水已破，需立即催生。
自豪,為自己感到光榮、驕傲。[例]他對自己的廚藝頗為自豪。
忽然,突然。[例]忽然間烏雲密布，緊接著就下起大雨來了。
打滾,1.躺在地上來回翻滾。[例]小狗在沙堆裡打滾玩耍。
禁不住,1.承受不起。[例]她的身子一向嬌弱，禁不住這種變化無常的天氣。
一望無際,一眼望去看不著邊際。形容寬廣、遼闊。[例]登上樓頂，是一望無際的藍天白雲，頓時感覺神清氣爽。
寬廣,面積或範圍廣大。[例]新闢的公園占地寬廣，公共設施相當完善，是休閒的好去處。
萬丈,形容極高或極深。如：「萬丈光芒」、「萬丈深淵」。
水災,因久雨、河水氾濫、融雪或山洪暴發等因素而造成的災害。[例]連日的豪雨，已使各地水災頻傳。
旱災,因長期雨水不足而造成的災害。[例]因為缺水而造成的旱災，可望由連日的豪雨而解除。
耗盡,消耗殆盡。[例]他們為了醫治因車禍而癱瘓的兒子，幾已耗盡家產。
遺憾,事情的本身或發展令人感到憾恨或不滿意。[例]膝下無子是他終身的遺憾。
皎潔,明亮潔白。[例]今晚的月色分外皎潔。
嫦娥,1.后羿的妻子姮娥。參見「姮娥」條。
吳剛,古代神話中的人物。舊傳為漢西河（今山西省離石縣）人，學仙有過，遭天帝懲罰到月宮砍伐桂樹。
冰霜,1.冰和霜。
映照,映射、照射。[例]湖面在夕陽映照下，水光粼粼，煞是美麗。
浮現,顯現、湧現。[例]見到眼前的景象，十幾年前的往事一一浮現心頭。
是否,疑問副詞。指對不對，是不是。[例]老師問我們是否讀過一些偉人傳記？
依舊,1.延續舊有的樣子。[例]景物依舊，人事已非。
淚水,眼淚。[例]天然的淚水具有消毒、淨化、潤溼眼球的功能。
孤單,單獨無依。[例]由於父母忙於工作，那個小孩常孤單一人在住家附近遊盪。
乖乖,1.安靜、順從。 / 助詞。表示驚嘆。[例]乖乖！這師傅的手藝還真不賴！
筋斗雲,明代吳承恩所著《西遊記》中，孫悟空飛行時所乘的雲。《紅樓夢》第五四回：「只見孫行者駕著筋斗雲來了。」也作「觔斗雲」。
金箍棒,明代吳承恩《西遊記》中主角孫悟空所持的兵器。原為大禹治水時，定江海深淺的一塊神鐵，重一萬三千五百斤，可大可小，兩端套有金箍，中間為一段烏鐵，上刻「如意金箍棒」，是一件十分厲害的特殊武器。《紅樓夢》第五四回：「只見孫行者駕著筋斗雲來了，看見九個魂，便要拿金箍棒打，嚇得九個魂忙跪下央求。」《老殘遊記》第六回：「總有一天碰著大聖不高興的時候，舉起『金箍棒』來給他一棒，那他就受不住了！」
呼風喚雨,1.形容神仙或道士法力強大，能夠駕馭風雨。[例]民間傳說裡的道士既能呼風喚雨，又能驅邪除魔。
掀翻,掀起翻倒。[例]他與對方談判破裂，憤而掀翻桌子。
修行,修習實踐，多指學佛或學道等宗教方面。[例]他是一位在家修行的居士。
咒語,宗教上稱具有特殊力量的語詞或語句。[例]法會上，法師口唸咒語，超渡亡魂。
掏出,取出、拿出。如：「他掏出口袋中的糖果，分給大家吃。」
齊天大聖,小說西遊記中美猴王孫悟空的稱號。孫悟空神通廣大，能七十二變，故獲此尊稱。典出《西遊記》第四回。後比喻神通廣大。《冷眼觀》第一七回：「其實是主考的車子一過了蘆溝橋，就送關節的送關節，交條子的交條子，一個個齊天大聖，大聖齊天了。」
壓住,1.以物品覆蓋其上。[例]風太大了！拿本書把桌上的紙張壓住吧！
蚊帳,防蚊子的紗帳。[例]晚上就寢最好掛上蚊帳，以防蚊子叮咬。
非洲,洲名。阿非利加洲的簡稱。參見「阿非利加洲」條。
瘧疾,由瘧蚊散播瘧原蟲所引起的急性傳染病。其症狀有週期性的發冷發熱、大量出汗、頭痛、口渴、全身無力及溶血等現象。[例]熱帶地區因氣候條件終年有利蚊子生長，所以往往是瘧疾疫區。　△打擺子、冷熱病
募集,招募聚集。[例]災難發生後，有關單位立即募集人力及救濟品，以救助災民。
捐贈,捐獻、贈送。[例]目前國內已開始倡導器官捐贈，響應的人不計其數。
獎狀,為獎勵而頒發的證書。[例]他獲得全校作文比賽第一名，校長頒給他一張獎狀，以為鼓勵。
收藏,1.收集保藏。[例]他熱愛中國文化，平時酷好收藏字畫。
雜誌,含有多類文章，定期出版的刊物。[例]圖書室內放有多種雜誌，可供讀者自由翻閱。
基金會,為興辦、發展某種事業或活動而組成的團體。資金來源可經由社會募捐或工商業界出資等方式取得。人員有的採固定編制，有些則是義務性協助。[例]防癌基金會、兒童燙傷基金會、消費者文教基金會
全力以赴,投入全部的心力以達成目的。[例]國家籃球代表隊誓言將全力以赴爭取最高榮譽。
德國,國名。位於歐洲中部。參見「德意志聯邦共和國」條。
似乎,好像。[例]義大利人愛好音樂，似乎每個人都是天生的音樂迷。
血液,高等動物血管系統中循環流動的液體。主要由血漿、血球細胞和血小板組成，紅色，有黏性及鹹味。它能運送養分、氧氣給細胞，並輸出二氧化碳等廢物至排泄器官，並且調節體溫，製造抗體以抵抗疾病。[例]醫院血庫中存放各式血型的血液，以備不時之需。
拍攝,利用攝影器材將人或物的形象記錄在軟片上。[例]他正在拍攝一部原住民生活的紀錄片。
颱風,發生在西太平洋上由強烈熱帶性低氣壓或熱帶氣旋所引起的暴風，其強度達到一定標準時即為颱風。颱風依其強度分為三級。中心最大風速每秒17.2至32.6公尺者，稱為「輕度颱風」；每秒32.7至50.9公尺者，稱為「中度颱風」；每秒51公尺以上者，稱為「強烈颱風」。[例]事先做好防颱準備，才能將颱風帶來的災害減至最低。
記錄,1.記載登錄。[例]他細心的進行氧化的實驗，並將過程和結果記錄下來。
哀愁,哀傷悲愁。[例]家中突遭巨變，使他陷入一片哀愁之中。
山巒,連綿的山。[例]這一帶山巒起伏，氣勢雄偉。
縱谷,與山脈的軸線平行的河谷。[例]花東縱谷
臍帶,連接胎兒與胎盤的帶狀構造，內含臍動脈與臍靜脈。胎兒藉此從母體吸取養分並排出廢物。[例]胎兒出生約一週後，臍帶會自行脫落。
人禍,人為的災禍。[例]這場災難並非天災，而是人禍。
殘破,殘缺破爛、不完整。[例]這棟房屋年久失修，早已殘破不堪。
檳榔,植物名。棕櫚科檳榔屬，常綠喬木。高三丈多，葉為羽狀複葉，枝幹似椰子而較細，栽種五年，才開花結果。一年一株可生三、四穗，每穗結實三、四百顆，味澀而微甘。將果實切開夾入石灰、荖花可食之。
降低,下降。[例]氣溫降低、水位降低
汙水,不潔淨的水。包括雨水、家庭排放出來的廢水及工業廢水等。[例]工廠任意排放汙水，將嚴重破壞河川生態。
不斷,1.不能截斷。[例]愁緒有如亂髮，剪不斷，理還亂。
陡峭,高峻且坡度大。[例]山勢陡峭
強勁,強而有力。[例]由於風勢強勁，海上的漁船紛紛進港避風。
高聳,直立突出。[例]這一座新建的大廈高聳入雲，極為壯觀。
充飢,吃東西以解除飢餓。[例]離中飯時間尚久，暫且吃些餅乾充飢吧！
隱形,隱藏形體。[例]魔術師將自己身軀隱形的單元，是這場表演的壓軸。
尖銳,1.尖而銳利。[例]這把刀子非常尖銳，要小心使用。
冷箭,原指趁人不備時，暗中射出冷箭。後比喻暗中害人的行為。[例]放冷箭
堅韌,物體有韌性不易毀損。[例]這條繩子，堅韌無比，十分耐用。
虯鬚,蜷曲的鬍鬚。唐．李頎〈送陳章甫〉詩：「陳侯立身何坦蕩，虯鬚虎眉仍大顙。」也作「虯須」。
繁茂,繁密茂盛。[例]這個園子花木繁茂，景致怡人。
休止,停止。[例]休止符、永無休止
蔓生,藤蔓植物攀附他物成長的特性。[例]後院的牽牛花蔓生在籬笆上，形成一道美麗的花牆。
藉由,透過、經由。[例]老師藉由海洋生態的影片，引導學生討論環保議題。
豐富,豐裕充足。[例]聽說新同事是個經驗豐富的行銷高手，對新產品的推廣應該不成問題。
挫折,事情進行不順利或遭遇失敗。[例]遭遇挫折不要灰心喪志，只要再接再厲必能成功。
恆久,持久、長遠。[例]真理是恆久不變，且經得起任何考驗的。
黃澄澄,形容顏色金黃鮮明。[例]休耕期間，原本綠油油的稻浪都成了黃澄澄的油菜花海。
稻穗,叢聚成串的稻穀。[例]看著結實纍纍的稻穗，農夫們臉上露出了欣喜的笑容。
養活,贍養、撫養。[例]他獨力一人要養活一家人，其負擔之重可想而知。
來源,根源、出處。[例]典故來源、姓氏來源
藝術家,從事藝術工作而有相當成就的人。[例]藝術家對美的執著，往往是創作的原動力。
樸實,質樸實在。[例]他為人溫柔敦厚，誠懇樸實。
撿拾,拾取。[例]校園裡有茂密的松林，吸引許多民眾去撿拾松果。
頭巾,裹頭的布。[例]姊姊織了一條頭巾送給奶奶，作為祝壽的禮物。
樸素,樸實而不刻意修飾。[例]他的穿著一向簡單樸素。
尊嚴,不容侵犯的身分或地位。[例]即使身處逆境，他依然保持著自己的尊嚴，不輕易低頭。
任勞任怨,形容人做事熱心負責，不辭勞苦、不怕嫌怨。[例]他做事一向任勞任怨，從不與人計較。
慷慨,1.大方、不吝嗇。[例]王先生為人慷慨，出手大方，時常一擲千金而面不改色。
滋潤,浸潤、潤澤。[例]草木受到春雨的滋潤，顯得生意盎然。
商譽,商人或商店行號的信譽。[例]他不計血本的繼續生產，只為維護商譽。
服務,1.為社會、別人做事。[例]人生當以服務為目的。
關聯,關係連屬。[例]警方找出多條有關聯的線索，順利偵破這件命案。
核准,審定後批准。多用於公文。[例]他的房屋貸款案已經核准了，近日內就可到銀行辦理手續。
申請,1.向上級或相關單位說明理由，提出請求。[例]凡申請加入本會會員者，每年均享有各項優惠活動。
黑松,植物名。松科松屬，常綠喬木。枝開展成闊圓錐狀樹冠，樹皮黑灰色，針葉二針一束，質硬粗短，四月開毬花，毬果圓錐狀卵形。適於造林防風砂。其脂可製松香油以供藥用。原產日本、南韓。
註冊,向有關機關、團體或學校登記備案。[例]許多青年學子趁著寒暑假四處打工，自己賺取註冊費用。
企業,從事生產、運輸、貿易等經濟活動的營利事業，由本身提供產品及服務，經由市場機制換取營利。如工廠、礦業、鐵路、貿易公司等。依出資來源不同，可分為公營企業及私人企業。[例]現代企業大多已走向多角化經營的發展趨勢。
堅毅不拔,堅忍剛毅，不能動搖。如：「他以堅毅不拔的精神，獨自完成艱鉅重任。」
歷經,經歷遍盡。[例]他歷經千辛萬苦，終於找到失散多年的兄弟。
英文,英國的語言和文字。[例]我們從國中就開始學習英文了。
銷售,出售、販賣。[例]這臺錄放影機功能佳，價錢又低，銷售情況一路領先。
霸主,1.春秋時代指勢力最大，能夠號令天下的諸侯。[例]齊桓公是春秋時代第一位霸主。
項目,事物分類的條目。[例]這次的體育競賽包括田徑、球類、游泳等項目。
娛樂,1.快樂，使歡樂。[例]他自告奮勇上臺表演餘興節目，娛樂賓客。
汽船,原指使用蒸汽機發動運轉行駛的船。後泛指各種動力引擎推進的船。[例]船長駕駛著汽船航行在河道上。
口哨,聚合雙脣，中間留一小孔或將手指伸入口內，用力吹氣而發出像吹哨子的聲音。[例]眼前春風吹拂著柳浪，我不禁吹起口哨，應和著鶯啼燕語。
經典,1.具重要性，可以作為典範的書籍。[例]博覽經典、曠世經典
框架,事物的格式與架構。[例]這部電影僅保留原著故事的框架，細節部分則有很大的改變。
劇情,戲劇中的情節內容。[例]這齣戲的劇情非常感人，使不少觀眾當場掉淚。
父母,父親和母親。[例]養兒方知父母恩
負責,擔負責任。[例]他在報社負責編輯工作。
判斷力,判別斷定事物的能力。[例]他對商機的判斷力很強，所以做生意一直賺大錢。
共鳴,1.發音體因受到與本身振動頻率相同的音波影響，也隨之產生發音的現象。如兩個頻率相同的音叉放在一起，敲擊其中一個使它發出聲音，另外一個音叉也會跟著發出聲音。[例]弦樂器的音箱如果製作精巧，使共鳴良好，將可發出美妙的聲響。
脫穎而出,顯露才能，超越眾人。[例]他在這次測驗中脫穎而出，名列前茅。
榮獲,光榮的得到。[例]他榮獲雙料冠軍，興奮不已。
細膩,1.細緻潤滑。[例]這家麵包店所推出的布丁，口感細膩、味道香濃，很受顧客喜愛。
效果,1.功效、成果。[例]這次展覽會的效果不錯，各廠商均接獲不少訂單。
團隊,團體、隊伍。[例]團隊組織、團隊精神
精益求精,不斷努力求進步。[例]我們做事應秉持精益求精的態度，如此才能更臻完美。
樣貌,形狀、外貌。[例]在不知對方樣貌如何就要我去相親，實在很不妥。
感官,動物接收外界種種刺激的器官。如耳、目、鼻、舌、皮膚等。[例]大都會五光十色的生活，容易使人的感官迷失。　△感覺器
增加,增添、加多。[例]神話故事雖然不一定可信，卻為我們的生活增加了許多趣味。
逆風,迎面對著風。[例]逆風前進
可憐,令人憐憫、同情。[例]他在這次車禍中身受重傷，又失去了雙親，真是可憐。
物競天擇,物種互相競爭，適應自然者生存，不適應者即遭淘汰。為達爾文《演化論》所提出的主要觀念。
好逸惡勞,貪圖安逸，憎惡勞動。[例]茶來伸手，飯來張口的日子，養成他好逸惡勞的個性。
鄰居,住處相近的人家。[例]隔壁林家是我們相處多年的好鄰居。
脈絡,1.血管的統稱。[例]筋骨脈絡遍布全身。
精緻,精巧細緻。[例]桌上那些精緻的小點心是誰做的呢？
脆弱,1.不堅固的。[例]屋內梁木年久失修相當脆弱，地震時務必加倍小心。
噴嚏,鼻黏膜受了刺激，引起鼻孔急遽噴氣出聲的動作。[例]他剛才淋了雨，現在直打噴嚏，可能感冒了。
忙碌,事情太多，不得休息。[例]他的工作相當忙碌，經常從早忙到晚。
興味盎然,興趣很高昂的樣子。[例]他興味盎然的看著地上的螞蟻，把自己想像成其中的一員。
精疲力盡,精神疲累，力氣耗盡。形容非常的疲憊。如：「忙碌了一整天後，他顯得精疲力盡。」也作「筋疲力盡」。
巴基斯坦,國名。位於亞洲南部。參見「巴基斯坦伊斯蘭共和國」條。
女性,兩性之一，具雌性特徵者。與「男性」相對。
恐怖,可怕、害怕。[例]深夜暗巷獨行，使得膽小的她倍覺恐怖。
組織,1.構成。[例]他們決定組織一個文藝社團。
霸占,強力占有。[例]許多商家霸占騎樓，造成行人諸多不便。
廣播,1.廣泛傳播。[例]這種小事，他也到處去廣播，真無聊！
控制,操縱、節制。[例]他已超過標準體重了，醫生建議他除了運動外，還得控制飲食。
受傷,受到傷害。[例]她上體育課時，不小心跌倒受傷了。
攻擊,以武力、語言、文字等各種方式進攻或傷害別人。[例]那架飛機在回程中受到不明物體攻擊，只好緊急降落。
威脅,以權勢威力脅迫。[例]他無視於威脅利誘，始終堅持自己的原則。
康復,病癒，恢復健康。[例]他的病經過醫生的細心診療已經完全康復了。
武器,具有攻擊能力的設備或器械。多作為軍事用途。[例]現代的武器多具有強大的殺傷力。
震撼,震動搖撼。[例]這項技術上的重大突破，對於業界造成了很大的震撼。
恐懼,惶恐、害怕。[例]小妹自從發生過車禍後，從此心懷恐懼，再也不肯騎車上學了。
維持,維護保持。[例]為了維持身體健康，他每天都去晨泳。
奮戰,奮勇戰鬥。[例]為了家人，他決定與病魔奮戰到底。
崎嶇,1.地勢或道路高低不平。[例]這條路崎嶇難行，經過的人莫不叫苦連天。
拳擊,一種西洋拳術運動。是一種兩人用拳頭互相對打的活動。比賽分為職業賽和業餘賽兩種。並按體重由輕到重依次分為微量級、中量級和重量級。各級再分為甲、乙、丙、丁四等。競賽規則為：一、拳擊手必須戴手套。二、每回合三分鐘，回合間休息一分鐘。三、若一方被擊倒在地，而無法於十秒鐘內站起，裁判可宣布另一方獲勝。四、不可蓄意毆打對手。[例]拳擊選手都受過嚴格的訓練，個個體格壯碩，孔武有力。　◎
癌症,→癌
銅牌,1.銅質的牌子。經常用來製成各種形狀的獎牌，上面刻字，可作獎品或紀念品，便於保存陳列。[例]櫃上放置的銅牌，正代表他過去的光榮事蹟。
屢屢,常常。[例]他的作品多以家國情懷為主題，屢屢勾起遊子的鄉愁，引發共鳴。
減少,縮減降低、少於原來的數量。[例]報導指出，多運動可減少心血管疾病的發生。
給予,交付、提供。[例]他因為受傷無法承擔家計的事件一經報導，社會各界紛紛給予援助。
幼芽,種子發芽時，胚芽上端向上生長的幼小植物體。
椰子,植物名。棕櫚科可可椰子屬，常綠喬木。樹幹直立，不分枝，頂端叢生羽狀複葉。果實亦稱為「椰子」，橢圓形，核果，外果皮為青綠色，中果皮為厚纖維層，內果皮為角質硬殼。果核外層為白色椰肉，可生食或製成椰子油或椰子粉；中心空腔內充滿椰子汁，為天然的清涼飲料。[例]南臺灣天氣炎熱，適合種植椰子。　◎
即使,縱使、就算是。[例]如果不能活用，即使學得再多又有什麼用呢？
腐爛,腐壞潰爛。[例]這些水果一直壓在箱底，早就腐爛發霉了。
衝擊,1.衝撞碰擊。[例]颱風過境時，浪濤強勁的衝擊著沿岸，景象極為驚險。
鍛造,將高溫或常溫的金屬，用錘擊或壓床加壓的方式，使金屬物件具有一定的形狀和尺寸，並改變它的物理性質的加工法。[例]這塊鋼鐵經過鍛造後，變成了一把鋒利的菜刀。
鍛鍊,1.冶煉金屬使其更加精純。[例]金屬經過冶燒鍛鍊後會更加精純。
唐朝,朝代名。（西元618～906）李淵代隋，國號唐，二十帝，二百八十九年。唐朝建都長安，與漢朝並稱為中國歷史上最富強的盛世。當時文化優越，版圖遼闊，聲威遠播，對鄰近諸國，有深遠的影響。
恬淡,清靜淡泊，不求名利。[例]她一向喜愛過著恬淡的生活。
日暮,傍晚。《文選．王粲．從軍詩五首之一》：「盡日處大朝，日暮薄言歸。」《儒林外史》第一回：「吳王歎息，點頭稱善。兩人促膝談到日暮。」
柴扉,以樹枝木幹做成的門。借指簡陋的居所。[例]柴扉虛掩
完畢,結束。[例]父親在電話裡說事情一處理完畢，就馬上回家。
簡陋,簡單粗陋。[例]工程期間，他們搭建簡陋的工寮暫作棲身之所。
傍晚,黃昏時分。[例]每天傍晚，爺爺都會到公園散步。
確定,明確而肯定。[例]等出發時間確定後再通知他們比較恰當。
閒適,悠閒安適。[例]他退休之後就隱居鄉下，過著閒適的生活。
幽人,幽隱山林的人。《文選．班固．幽通賦》：「夢登山而迥眺兮，覿幽人之髣髴。」唐．韋應物〈秋夜寄丘二十二員外〉詩：「空山松子落，幽人應未眠。」
官職,泛稱官位。[例]古代士人常經由科舉考試謀得官職。
吟唱,吟詠歌唱。[例]她藉由吟唱詩詞，更深刻體會到作品的韻律和美感。
空曠,開闊、寬廣。[例]這一大片空曠的草原，真讓人有呼嘯狂奔的衝動。
疤痕,傷口癒合後的痕跡。[例]上次的刀傷，使他手上留下了一道疤痕。
鐵罐,鐵製的罐子。[例]小朋友們經常將空的鐵罐當成足球般，踢來踢去。
咚咚,狀聲詞。摹擬碰撞或擊鼓的聲音。[例]廟會慶典時，舞獅跳躍翻滾，鑼鼓聲咚咚作響，非常熱鬧。
碰運氣,對所做的事情沒有把握，只是存著僥倖心理。[例]由於沒有經驗，這些樹苗是否能種得活，只有碰運氣了。
傾盆,形容雨勢大且急。[例]大雨突然傾盆而下，路上的行人走避不及，都成了落湯雞。
營火,夜間露營時，在營帳外堆木燃燒的火。[例]營火晚會
崇拜,尊敬佩服。[例]他從小就非常崇拜父親，一心把父親當作學習的榜樣。
棄置,廢棄不用，扔在一旁。[例]這部腳踏車棄置多年，都生鏽了。
奄奄一息,僅存微弱的一口氣。形容生命垂危。[例]車禍傷患被送到醫院時已奄奄一息，最後終告不治。
小心翼翼,形容非常小心謹慎，不敢疏忽。[例]我小心翼翼地將熱湯端上桌，深怕湯汁溢出燙傷手。
祈禱,1.禱告求福。[例]每次出海，他的妻子總是默默祈禱他能平安歸來。
吼聲,憤怒或情緒激動時的喊叫聲。[例]深山裡，不時傳來一陣陣老虎的吼聲。
喉嚨,→咽喉
劇烈,猛烈、強烈。[例]飯後應稍事休息，避免劇烈運動。
暈船,乘船時因過度搖晃而產生頭暈，甚至嘔吐的現象。[例]海面風浪太大，所有的乘客都暈船了。
黃昏,太陽將落，天快黑的時候。[例]夏天黃昏時，爸爸喜歡在榕樹下乘涼。
船艙,船內部可容納人員或貨物的地方。[例]甲板上風大，許多乘客都改到船艙中休息閒談。
途中,路上，路途之間。[例]妹妹在回家途中遺失了鑰匙和錢包。
野獸,生長在山野間，沒有經過人工飼養、繁殖的獸類。[例]由於人類的大肆獵捕，許多野獸已瀕臨絕種。
渾身,全身。[例]他感冒了，早上起來覺得渾身無力。
擱淺,1.船隻因水位太低，未能提供所需的浮力而無法行進。[例]這艘船受到強烈颱風的吹襲而擱淺在暗礁上。
礁岩,暗藏或突出水面的岩石。[例]退潮時，海岸邊露出許多礁岩。
木筏,以木材平紮成的船板形水上交通工具，飄浮水面，可用來載人運物，多用於水道淺的河川。[例]乘著木筏順流而下，就可以到外婆家了。
倒塌,傾倒、塌下來。[例]大地震後，災區到處可見倒塌房屋的慘狀。
烤爐,用來烘烤食物的爐子。[例]這隻剛從烤爐端出來的火雞，香氣四溢，令人垂涎三尺。
躍躍欲試,心動技癢，急切的想嘗試一下。[例]比賽尚未鳴槍開始，選手們個個躍躍欲試，準備一決高下。
簽名,簽署名字。[例]這份合約需要本人親筆簽名才能生效。
傻瓜,指愚笨的人。多用來罵人或開玩笑。有時帶有憐惜的意味。[例]別老罵他傻瓜，他其實並不傻。
神態自若,神情態度從容不迫，一如平常的樣子。如：「看他一副神態自若的樣子，真叫人又羨慕又嫉妒。」也作「神態自如」。
繼續,連續而不間斷。[例]暫時領先而能繼續努力的人，才是最後的勝利者。
腦性麻痺,病名。由於分娩時頭部的損傷、出血、血栓、續發性腦炎，導致引起患兒異常運動、智障等症狀的疾病。
患者,病人。[例]最近流行感冒，前往醫院求診的患者很多。
艱辛,困難辛苦。[例]備嚐各種艱辛，她終於獨力把孩子撫養長大。
博士,1.在大學或獨立學院研究所研讀的博士候選人，通過該校（院）學位考試，經教育部覆核無異後，所獲頒的學位，為現今最高的學位。獲得此學位的人也稱博士。[例]法學博 士、文學博士
聆聽,注意聽。[例]她那優美的歌聲吸引了不少人前往聆聽。
埋怨,抱怨、責怪。[例]面對困境，與其百般埋怨，不如設法克服。
寫稿,寫作文章。[例]他以替專欄寫稿為業。
如雷,比喻聲音很大。《紅樓夢》第五回：「話猶未了，只聽迷津內水響如雷，竟有許多夜叉海鬼將寶玉拖將下去。」
擔任,擔負某種職務及責任。[例]他在擔任總經理職務期間，將公司整治得有條不紊，業績從此蒸蒸日上。
高談闊論,1.言談見解高妙，內容廣博。[例]春秋時代，孟子高談闊論，主張人性本善。
口若懸河,比喻能言善道，說話時有如流水傾瀉一般，滔滔不絕。[例]他很健談，發表高論時口若懸河，滔滔不絕。
標點符號,在文句中，用來分別句讀（ㄉㄡˋ）和標明詞句性質、種類的符號。[例]老師說不要小看標點符號，標錯了，語意就不同了。
怒氣,憤怒的情緒。[例]他今天不知吃了什麼炸藥，一臉怒氣，動不動就發脾氣。
朝廷,1.君主辦事聽政的地方。[例]皇帝在朝廷接見各國前來進貢的使者。
不妥,不恰當、不宜。[例]當初雙方雖是口頭約定，但中途毀約恐怕不妥。
進諫,以直言規勸。多用於下對上。[例]冒死進諫
緊閉,緊密的閉合。[例]緊閉門窗、緊閉眼睛
面面相覷,互相對視不知所措，形容驚懼或詫異的樣子。[例]聽到這個不幸的消息，大家都面面相覷，悄然無語。
仁政,仁德的政治。[例]執政者唯有施以仁政，才能真正使國家太平、人民安樂。
喝斥,大聲責罵。[例]小孩子做錯事時要善加調教，而不要只是一味的喝斥。
蒙羞,遭受羞辱。[例]為人子女者要堂堂正正做人，千萬不可作奸犯科，使父母蒙羞。
不懂,不明白、不了解。[例]你若有不懂的地方，可以向其他人請教。
委婉,婉轉曲折。[例]委婉的勸解勝於嚴厲的苛責。
勸諫,規勸諫過。[例]在大家的勸諫下，她終於打消退學的念頭。
姍姍來遲,形容女子遲步緩來的樣子。後用以形容人遲到，不依時赴會。典出《漢書．卷九十七．外戚傳上．孝武李夫人傳》。[例]我準時赴約，他卻姍姍來遲，真令人生氣。
抵達,到達。[例]坐了三、四個小時的車終於抵達了目的地。
迅速,速度很快。[例]他眼明手快，動作迅速，一上公車就找到了座位。
折返,半途轉回。[例]登山隊因遇暴風雪而取消原定計畫，暫時折返基地觀望。
率先,領先、首先。[例]他率先發起募捐，獲得同事們熱烈的響應。
穿梭,往來次數頻繁。[例]他來回穿梭在會場中，張羅著大大小小的事。
較量,比較優劣高下。[例]他倆都自認為棋藝高超，即將在這次比賽中較量一番。
競逐,1.爭相追逐。[例]風和日麗的早晨，小朋友們在草地上相互競逐，好不開心。
遭遇,1.遭逢、遇上。[例]他出國旅遊時遭遇了不少奇妙有趣，可驚可愕的事。
評斷,評議決斷。[例]我們不能因為他一時的失誤，便評斷他的功過。
普通人,1.無特殊身分或階級的一般人。如：「王老闆約談我，只是想知道普通人對這件事的看法。」
價值,1.泛稱物品的價格、代價。[例]這幅名畫雖然價值不菲，卻是收藏家的最愛。
承認,1.供認、招認。[例]嫌犯終於承認那樁銀行搶案是他犯下的。
急診,在醫療院所中對重病傷患所做的緊急診治。[例]他因車禍受傷，被送往醫院急診。
緊繃,1.捆紮得很緊。[例]這件衣服穿在身上十分緊繃，讓我覺得很不舒服。
情緒,心理學上指個體因外在的刺激或內在的身體狀況所引起的心理狀態。包括喜、怒、哀、懼、愛、惡、欲等。泛指心情。[例]面對凶手時，受害者家屬的情緒顯得相當激動。
疫情,流行性或急性傳染病的發生與發展情況。[例]這波流感的疫情非常嚴峻，請小心防範。
偉大,形容成就卓越非凡，影響極大。[例]印刷術的發明對人類文明具有偉大的貢獻。
英雄,才能超群出眾的人。[例]一個真正的英雄不是在逞一時之氣，而是要有理想、有目標。
修補,修理與補好。[例]這扇紗窗破了，需要找人來修補。
步驟,本指行走的緩急、快慢。今多用以比喻做事的程序。[例]他處理此事不按步驟進行，難怪會手忙腳亂。
菊石,動物名。軟體動物門頭足綱菊石目。為一種古代軟體動物，具有漩渦狀的外殼。出現於泥盆紀，在中生代最為繁盛，現僅存化石。
防塵,防止灰塵。[例]紗窗不但可以防蚊，更兼具有防塵的功效。
槌子,敲擊器物的工具。[例]我想釘個釘子來掛畫，卻到處找不到槌子。
多餘,1.剩下來的。[例]同學們決議將此次活動多餘的經費，全部歸為班費。
撥開,將物推開或分開。[例]他用竹竿將草叢撥開，探路前進。
輪廓,1.構成圖形、物體的外緣或主要線條。[例]在朦朧的燈光下，她臉蛋的輪廓顯得分外柔美。
拼湊,將零星的事物聚合起來。[例]好不容易！總算把這些撕碎的紙片拼湊回去了。
骨架,1.支撐物體的架構。[例]這棟大樓是用鋼筋骨架建造的，堅固耐震。
輕盈,1.形容體態纖秀，動作輕快。[例]她隨著音樂輕盈起舞。
沉浸,本指浸泡在水中。後比喻處在某種境界中。[例]新婚半年的她，至今仍沉浸在幸福喜悅中。
稀奇古怪,少見而怪異。[例]這件案子越是深入了解，越覺得稀奇古怪。
儲藏,收存、貯藏。[例]仙人掌耐旱，是因為它的氣孔少，儲藏的水分不易蒸發。
寵物,因喜愛而於家中飼養的動物。如狗、貓、鳥、兔子等。[例]公寓大廈裡通常禁止住戶飼養寵物。
寂靜,安靜無聲。[例]寂靜的夜裡，家人都安然入夢，感覺無比的恬然祥和。
螢幕,包含電子槍、偏向裝備和螢光幕的真空管，為電視、示波器、電腦的顯示部分。[例]看電視不要太靠近螢幕，以保視力健康。　△螢光幕
彷彿,似乎、好像、近似。[例]這個人我彷彿曾經見過。
熟悉,知道得很詳細。[例]她對公司的業務很熟悉，有問題請教她準沒錯。
賦予,給與。[例]賦予生命、賦予新意
閱讀,閱覽誦讀。[例]他有每日晨間閱讀書報的習慣。
激發,刺激使引發反應。[例]老師在課堂上運用各種方式以激發學生的學習興趣。
湧現,如泉水般出現。[例]這一片美好的景象令他靈感湧現，創作出動人的音樂。
先睹為快,以優先看到而引以為樂。[例]新的影片即將上演，我要先睹為快。
節奏,1.音樂中交替出現有規律的強弱、長短的現象。[例]節奏的快慢強弱，是音樂帶給人不同感受的要素。
嗓音,喉嚨所發出的聲音。[例]他的嗓音低沉而有磁性。
沙啞,聲音低沉嘶啞。[例]他的聲音因感冒而變得沙啞。
急促,迅速倉促。[例]剛跑完百米競賽，她的呼吸顯得很急促。
氣喘吁吁,大聲喘氣、呼吸急促的樣子。[例]走了二個多鐘頭的上坡路，大家都氣喘吁吁的。
埋伏,暗中躲藏，伺機突擊敵人。[例]我軍埋伏了大批兵力，準備一舉殲滅入侵的敵寇。
唉唷,嘆詞。表示驚訝或痛苦。[例]唉唷，我的頭好痛。
必須,一定要、必定要。[例]想要有好的表現，就必須努力用功，認真學習。
忽喜忽憂,時而歡喜，時而憂傷。如：「投資人的心情隨著股價漲跌，忽喜忽憂，變化莫測。」
詮釋,詳細深入的解釋、闡明。[例]這本書將莊子無為而治的思想，做了最佳詮釋。
魅力,吸引人的力量。[例]他很有魅力，使人不自覺地想親近他。
學問淵博,淵，淵深。博，廣博。學問淵博謂學識豐富。如：「他溫文儒雅，學問淵博，是學術界所公認的大學者。」
不凡,出色、與眾不同。[例]他的能力不錯，剛起步就表現不凡。
擅長,專長，專精於某種技藝或學術。[例]在運動方面，他擅長游泳。
廬山,位於江西省九江市南方的山脈。主峰漢陽峰，海拔1474公尺。鄱陽湖、長江之濱，三面臨水，西連陸地。萬壑千巖，飛瀑流泉，林木蔥蘢，煙雲瀰漫。中有白鹿洞、墨池、玉淵、秀峰、三疊泉等名勝，西北有牯嶺，為著名避暑勝地，亦為歷史文化名山。相傳周武王時，有匡俗兄弟七人結廬此山，後登仙而去，徒留空廬而得名；一說以廬江得名，故稱。廬山以雄、奇、險、秀聞名於世，素有「匡廬奇秀甲天下」之譽。聯合國教科文組織列為世界地質公園、世界文化遺產。 [例]『不識廬山真面目，只緣身在此山中』為蘇東坡傳誦千古的名句，寫盡廬山的雄奇險秀。　△廬阜、匡盧、匡山
煙霧,1.自然界的水氣凝聚而成的雲霧。[例]這座湖終年煙霧繚繞，具有一股神祕感。
瀰漫,遍布、滿布。[例]戰雲瀰漫、煙霧瀰漫
綿延,連續延長。[例]中央山脈高峰綿延，位於臺灣中央偏東，颱風時期往往降低了西部的災害。
隱含,暗藏、不直接呈現。[例]在他成功的背後，其實隱含了許多努力奮鬥的艱辛。
哲理,有關宇宙人生的根本道理。[例]他這一番話很富哲理，使我獲益良多。
所謂,1.所說的。[例]他因為貪心而人財兩失，真是所謂賠了夫人又折兵。
珊瑚,腔腸動物珊瑚蟲綱的泛稱。生活在暖海中。許多珊瑚蟲集結營生，分泌具有石灰質的黏液，硬化後所形成的骨架亦稱為「珊瑚」。形狀分歧如樹枝。色彩鮮豔美觀，有白色、紅色、桃紅色、黑色等。其骨骼質地略硬，可製成項鍊、胸針等飾品。[例]水族箱內各種顏色的珊瑚幾乎搶盡了魚的風采。
面積,地面、物體表面或平面圖形的大小。[例]這間房子面積雖然不大，適當的隔間及擺設，還顯得優雅合用。
公噸,量詞。表示質量的單位。公制一公噸等於一千公斤。也稱為「噸」。
垃圾,1.各種廢棄物的統稱。[例]隨意傾倒垃圾是沒有公德心且不合法的行為。
循環,事物周而復始的運轉或變化。[例]血液循環、循環小數
細菌,一種單細胞的微生物。可分為桿菌、球菌和螺旋菌三類，以分裂法繁殖，多靠寄生或腐生方法生存，普遍分布在自然界中。有些細菌會引起嚴重的疾病，如霍亂、破傷風等，有些則對人類有益處，如乳酸菌。[例]傷口若處理不當，將會引起細菌感染。
食物鏈,1.不同種類的生物間，由於食性關係而形成食物鏈。如青蛙吃蜻蜓，蛇吃青蛙，老鷹捕食蛇。
無孔不入,無所不到，比喻利用一切的機會。[例]病菌是無孔不入的，平日須多注意飲食、環境衛生。
無一倖免,沒有人能僥倖避免。如：「這次空難事件，機上乘客無一倖免。」
鯨魚,→鯨
根據,憑靠、依據。[例]警方根據線民通報，將潛逃多日的人犯逮捕歸案。
便宜,方便合宜。[例]便宜行事 / 1.物價低廉。[例]這件衣服的價錢真便宜。
估計,大約計算、推測。[例]這場演唱會盛況空前，估計有三萬人參加。
廢棄物,易汙染環境的固體、液體。如垃圾、糞尿、動物屍體等，或事業生產過程產生的廢汙。
實踐,實行、履行。[例]無論待人處事都必須實踐忠信之德，才能在社會上立足。
貝殼,貝類的硬殼。可分真珠層、外殼層及稜柱層三層。一般可供玩賞或製成裝飾品。[例]到海邊撿貝殼是我們最喜歡的課餘活動。
海涵,說人度量大或請人寬諒的話。南朝梁．王僧孺〈為臨川王讓太尉表〉：「陛下海涵春育，日鏡雲伸。」清．孔尚任《桃花扇》第二四齣：「望乞海涵，另日竭誠罷！」
鯊魚,→鯊
海豚,動物名。哺乳綱鯨目海豚科。長約二公尺，頭小，口尖，背部青黑色，腹部白色，前肢呈鰭狀，可用來保持平衡。以魚、蝦、烏賊等為主食。有很好的記憶力，能學習複雜的動作，是相當聰明的動物。[例]海洋公園的海豚很有靈性，深受遊客喜愛。　△海豬　◎◎
抹香鯨,動物名。抹香鯨科，為齒鯨中最大的一種。重約六十到八十噸，頭大而方，大約占全身長的三分之一，上顎無齒，下顎列生圓錐形的牙齒，噴氣孔在頭的前端，體色由灰藍色至黑色，腹部顏色較淺。通常棲息在溫帶和熱帶的水域，常成群的生活在一起，以大烏賊、大章魚之類為食。所產鯨腦油，可用來作蠟燭、軟膏及化妝品，其腸內分泌物龍涎香則是名貴的香料。
潮汐,海水受日、月引力作用而發生的週期性漲落現象。白天發生的稱「潮」，夜晚發生的稱「汐」，平均每隔十二小時二十五分漲落一次。[例]潮汐具有規則性，但有時也會受風、浪、氣壓等影響而產生變化。
鼓譟,眾人一起發出呼喊喧鬧的聲音。[例]在友人的鼓譟下，他上臺獻唱一曲。
牧場,牧養牛、羊的場所。[例]大約有一萬頭牛被畜養在這個牧場裡。
氧氣筒,耐高壓，內貯液態氧的鋼筒。筒內壓力約為大氣壓力的一百倍。為呼吸困難、休克、手術、全身麻醉時必備的醫療器材。常用於工業和醫院。
琉璃,1.一種天然有光澤的青色寶石。　△流離
凸顯,凸出顯現。[例]他喜歡穿著奇裝異服來凸顯自己的與眾不同。
襯托,烘托，使主體明顯。[例]這湖水在山林的襯托之下，更添靈秀之氣。
見證,當場目睹而可以作證的人或可以作為證據的物品。[例]事發時他正好路過該處，可為這場車禍見證。
玻璃,用白砂、石灰石、碳酸鈉、碳酸鉀等混合起來，加高熱燒融，冷卻後製成的堅硬物質。有透明與半透明兩種，可以製成鏡子、窗戶等各種用具。[例]雖然他擊出了一支全壘打，但也打破了教室窗戶的玻璃。
奇蹟,異於尋常、令人無法理解的現象或事情。[例]他被活埋了四小時竟然沒死，真是個奇蹟。
空空蕩蕩,形容冷冷清清，空無所有的情景或指心裡沒著落的感覺。如：「平時車水馬龍的街道，深夜裡顯得空空蕩蕩。」「心裡空空蕩蕩的，茶飯無味，夜不成寐。」
吶喊,高聲叫喊。[例]那支遊行隊伍高聲吶喊著他們的行進口號。
洪水,氾濫成災的大水。[例]颱風來襲前應先疏通溝渠，以防洪水成災。
誕生,1.出生。[例]每一個新生命的誕生，都是人類的另一個希望。
沼澤,水草茂密且樹木、灌木叢生的潮溼泥濘地。主要由於湖泊裡面的物質長期沉積，湖水越來越淺，湖底長滿苔蘚等植物而形成。[例]前面是一大片沼澤，既潮溼又泥濘，經過時要特別小心。
美洲豹,動物名。哺乳綱貓科。體長約一百七十公分，毛為黃褐色底帶有黑色斑點，活躍於森林，會爬樹、游泳，性凶暴，多分布於中美、南美等地。
栩栩如生,形貌生動逼真，像真的一樣。語本《莊子．齊物論》。[例]這幅畫上的花鳥畫得栩栩如生，像是可以聞到花香、聽到鳥叫一般。
蘆葦,植物名。禾本科蘆屬，多年生草本。花穗呈紫色，下有白毛，可隨風飛散，將種子傳到遠方。多生長於溪流兩岸或沼澤、溼地等水分充足的地方。莖細緻光澤，可編織蘆簾、蘆蓆等。[例]他用蘆葦的莖稈編成一隻蚱蜢。
難堪,1.難以忍受。[例]你說這麼多讓他難堪的話，難怪他會拂袖而去。
波濤洶湧,1.形容波浪很大。[例]因颱風過境，海面上白浪掀天，波濤洶湧。
鸚鵡,動物名。鳥綱鸚鵡目。體長約三十公分，嘴大而短，上嘴鉤曲覆下嘴，舌肥厚，善模仿人語。羽毛顏色鮮豔。棲於熱帶森林或巖洞樹穴中。[例]鸚鵡會模仿各種聲音，包括人類的語言，但卻不了解話中的意義。　△能言鳥　◎
土狼,→鬣狗
優雅,優美高雅。[例]她的舉止優雅大方，氣質脫俗。
挑剔,吹毛求疵，苛求責備。[例]這件事我已盡了全力，請別再挑剔了。
貪婪,過度索求而無節制，不知足。[例]貪婪的人，很難有滿足的時候。
發抖,身體因寒冷、恐懼或憤怒而顫抖。[例]小弟不小心打破了父親心愛的古董花瓶，氣得父親渾身發抖。
心疼,憐惜、捨不得。[例]前些日子，爸爸珍藏的明代瓷瓶被弟弟打破，每次提到這件事，他老人家就感到十分心疼。
靈魂,1.人死後的鬼魂。[例]靈魂出竅
規定,1.制定準則。[例]依交通法規規定，年滿十八歲者才可以報考汽機車駕照。
違反,違背、不遵守。[例]小明違反校規，因此被記小過一次。
瀑布,從高處直瀉而下的水流，遠望似布匹垂落。如尼加拉大瀑布。[例]遠遠望去，瀑布好似一條白練懸掛在山崖前。
流瀉,流散、傾瀉。[例]她拉開窗簾，讓屋內流瀉著輕柔的月光。
吞噬,1.侵略兼併。[例]吞噬天下
籠罩,由四面八方加以覆蓋。[例]父親受傷至今仍昏迷不醒，使全家籠罩在一片愁雲慘霧之中。
火焰,燃燒時發出的光焰。[例]國慶煙火的火焰照亮整個淡水河的夜空。
大發雷霆,比喻發怒，大聲責罵。[例]爸爸為了妹妹逃學的事而大發雷霆。
俯衝,飛鳥或飛行物從空中迅速飛降。[例]老鷹自高崖俯衝而下，掠奪地面的獵物。
啄食,禽類動物用嘴取食。[例]小雞在泥地上啄食蚯蚓，填飽肚子。
穀物,穀類作物的通稱。[例]此地土質肥沃，最適宜穀物的栽種。
死亡,喪失生命。[例]親人的遽逝，讓她體會到死亡的巨痛。
傳授,將知識、技能教給他人。[例]好老師總是不惜將他所知道的一切傳授給學生們。
內臟,人或動物的體腔內的各種器官。如心、肺、胃、腸、肝、腎等。[例]隨著醫學常識的增進，國人越來越少吃動物的內臟。
頭暈目眩,頭腦昏沉，視覺模糊。[例]每日校對這些密密麻麻的文字，真令人頭暈目眩。
口乾舌燥,嘴巴因缺乏水分而覺得乾燥口渴。如：「任憑他說得口乾舌燥，大家依然充耳不聞。」也作「口燥脣乾」。
咀嚼,1.用牙齒咬碎與磨細食物。[例]細細咀嚼食物，有助於腸胃消化。
一命嗚呼,嗚呼，悲哀的感嘆詞。一命嗚呼指死亡。[例]他病情嚴重，沒多久就一命嗚呼了。
犧牲,1.古代祭祀用的牲畜。[例]古代祭祀時所用的犧牲，以牛、羊、豬為主。
檢驗,檢查測驗。[例]藥廠研發的新產品已通過藥品檢驗標準，近日即將上市。
藤蔓,藤本植物細而蔓延的莖，末端常捲曲如鬚。[例]那棟白屋子外面爬滿了藤蔓，綠意盎然。
保佑,保護庇佑。[例]感謝老天爺保佑，讓我逢凶化吉。
年級,學校中依據學生的修業年限和課程所分的學級。如國小有六個年級，國中有三個年級。[例]過了暑假，她就已經是高中三年級的學生了。
壓軸,戲劇的最後一齣稱大軸，大軸前一齣稱壓軸。比喻最精彩、最引人注目的節目或事件。[例]今晚的壓軸即將隆重登場，請大家拭目以待。　△壓軸戲
爭奪,爭相奪取，互不退讓。[例]與其費盡心思去爭奪名利，不如修養身心，精進德業。
委屈,1.壓制自己的意志，以遷就他人或環境。[例]為解決家裡的經濟危機，他只好委屈自己四處兼差。　△委曲
偏心,偏袒一方，對某一方存私心。[例]有教無類的老師對每位同學都是一視同仁，絲毫沒有偏心。
搬運,把東西搬動、運送到別處。[例]那個花瓶已經在搬運過程中摔壞了。
怨恨,埋怨忿恨。[例]心中充滿怨恨的人，只會讓自己活得不快樂。
抑制,壓抑控制。[例]他終究抑制不住心中的悲傷，眼淚奪眶而出。
拒絕,不接受、不答應。[例]為了維持健康，民眾拒絕食用添加色素、防腐劑的食品。
尷尬,1.不好意思、難為情。[例]說話不經思考就脫口而出，常會造成尷尬的場面。
後悔,事後懊悔當初的不該。[例]年輕的時候要充實自己，培養實力，不要等到老了才來後悔。
拱手讓人,輕易的把東西讓給別人。[例]這次比賽中華隊表現失常，冠軍寶座只好拱手讓人。
距離,1.時間或空間、有形或無形的間隔。[例]溝通可以拉近彼此間的距離。
默默,沉靜不說話。[例]默默不語、默默無言
鬥志,奮發進取的意志。[例]鬥志昂揚
扭曲,1.扭動物體使其形態改變。[例]為了扮鬼臉取悅小孩，他努力地扭曲自己的臉。
猛然,突然。[例]到了辦公室，他才猛然想起家裡瓦斯爐忘了關。
綢繆,1.親密、纏綿。[例]情意綢繆
掘井,挖井。[例]先民必得掘井才能汲水，現代則有了方便的自來水。
纏繞,圍繞束縛。[例]葡萄藤纏繞著竹架逐漸向上攀生。
束縛,拘束或限制。[例]小鹿掙開繩圈的束縛，迅速跑向叢林。
瓦缶,一種有蓋、腹大口小的陶器，用來盛裝酒或水，也可作為敲擊樂器。
珍饈,珍奇美味的食物。[例]珍饈佳餚
施惠,給予恩惠、德澤。[例]他施惠於人，從不求回報，在鄉里中贏得美名。
凡事,無論什麼事情。[例]她心思縝密，凡事都能替人設想周到。
預留,事先保留。[例]媽媽知道他今天會較晚回家，已先幫他預留飯菜。
樂極生悲,歡樂至極，往往轉生悲愁。[例]他中了一千萬的彩券，高興得逢人就說，結果樂極生悲，當天晚上彩券就被人給偷了。
揭示,揭露、公布。[例]他以親身經歷揭示、控訴極權暴政的血腥罪行。
卓越,非常優秀，超出常人。[例]他的公關才能卓越，頗受總經理重視。
培養,1.長期策劃和訓練。[例]培養人才、培養信心
總裁,某些政黨首領的名稱。銀行或財團亦設總裁。[例]總公司明年度將升他為臺灣地區的總裁。
瑣事,細小零碎的事情。[例]他原本月底要出國，因為瑣事纏身，所以改到下個月。
耕田,泛指耕種田地的一切活動。[例]雖然烈日當空，農夫仍然不辭辛苦的在田裡耕田。　◎
賺錢,1.賺取財利。[例]他們一家六口全靠他父親賺錢養家，生活非常清苦。
聰穎,非常聰明。[例]她既聰穎又用功，難怪成績如此出色。
惋惜,嘆惜、令人感覺可惜。[例]這麼聰明的人竟誤入歧途，不免令人惋惜。
欠缺,短少、不夠。[例]工廠因欠缺人手而刊登廣告招募員工。
驕傲自滿,自以為了不起而傲慢自大，感覺已經滿足。如：「我們絕不以目前小小的成就而驕傲自滿。」
昨天,前一日。[例]他昨天淋雨回來，今天就覺得身體不太舒服了。
耕耘,1.耕田與除草。泛指農田耕作的事情。[例]一番辛苦耕耘後，眼見麥浪層層，真令人高興。
茁壯,成長壯大。[例]今年暑訓班的大專青年，個個都身體茁壯。
鼎邊趖,一種臺灣小吃。先在大鍋中煮湯，待鍋邊燒熱後抹油，將在來米漿沿著鍋邊淋下，熟透後鏟入或自動脫落湯中，再加上蔥、薑、金針、香菇、魷魚等配料煮成。
颳風,起風、吹風。[例]若遇到颳風下雨，最好取消登山活動。
廚師,掌理廚房烹飪事務的師傅。[例]這家餐廳為了擴大營業，增聘了好多位廚師。
晒乾,將潮溼物品置於日光下曝晒，使水分蒸發至乾燥。如：「把衣服拿到頂樓陽臺去晒乾。」
包覆,包裹覆蓋。[例]這家店的雞排包覆著起司內餡，極為美味，難怪門庭若市。
竹筍,竹子地下莖所生的嫩芽。可供食用，亦可入藥，有消渴、利尿的療效。[例]竹筍可涼拌，也可煮湯或炒菜，是夏天常見的健康食品。　△竹萌
醃製,以醃漬方法所製成。[例]媽媽醃製的醬瓜非常好吃。
攪拌,攪動、拌合。[例]她用筷子把肉餡攪拌均勻，就開始包餃子了。
油炸,利用煮沸的油使食物熟透。[例]年糕裹上麵粉後油炸，就成為美味可口的點心。
晶瑩,明亮透澈。[例]他從母親晶瑩的淚光中感受到母愛的溫暖。
饗宴,招待賓客的宴席。《晉書．卷六．明帝紀》：「停饗宴之禮，懸而不樂。」
泡沫,聚在一堆的許多小氣泡。[例]肥皂水經攪拌後會產生許多泡沫。
下午茶,本指下午四點至五點時，所吃的茶點。為流行於西洋社會的正規活動。後比喻午後的社交活動或休息時間。[例]公司決定推動下午茶，以提振工作士氣。
退避三舍,舍，古代行軍時每三十里就停下來休息；三舍指九十里。退避三舍指為避免正面衝突或因害怕而主動讓步逃避，不與對方相抗。語出《左傳．僖公二十三年》。[例]那位老師因為面貌嚴肅，上課時又嚴厲，許多學生看見他都退避三舍，唯恐被他叫住訓話。
熬煮,用小火慢慢烹煮。[例]這高湯是用上等排骨熬煮而成的，因此味道特別鮮美。
砂糖,由蔗糖製成的顆粒狀糖。如紅砂糖、白砂糖。
混合,摻雜調和。[例]他把柳橙、鳳梨、胡蘿蔔、芭樂和蜂蜜、水混合，打成綜合果汁。
焦糖,蔗糖加熱至攝氏二百度所製成的棕色物質。應用於醬油、糖果、醋、啤酒等的著色。
判斷,判別斷定。[例]事情還未全面了解前，難以判斷是非曲直。
熱騰騰,形容很熱或冒著熱氣的樣子。[例]寒冷的冬季裡，喝一碗熱騰騰的湯，真是一大享受。
啜飲,喝、吸食。[例]在寧靜的夜裡，啜飲一口香茗，可以忘卻白天的一切煩憂。
流淌,流動。[例]每一次淚水流淌的經驗，都會是我們成長的養分。
豐沛,充足、充沛。[例]今年梅雨季帶來豐沛的雨量，解除了水庫缺水的危機。
歐洲,歐羅巴洲的簡稱。參見「歐羅巴洲」條。
標榜,1.表揚、稱讚。[例]自我標榜、互相標榜
烹茶,沏茶、泡茶。唐．李中〈獻中書韓舍人〉詩：「烹茶留野客，展畫看滄洲。」《紅樓夢》第七六回：「妙玉喚他起來，現去烹茶。」
樹薯,植物名。大戟科木薯屬，落葉灌木。原產巴西，分布於西、南非洲及亞洲南部各國。莖有髓，脆而易折，分枝為三叉。葉掌狀，三至七深裂。花為圓錐花序，黃或紅黃色。果實為球狀蒴果，具稜翅。其肉質地下塊根亦稱為「樹薯」。[例]樹薯可供食用或製粉，並為酒精及味精的主要原料。　△木薯
粉末,細末狀的固體顆粒。[例]幼兒吃的藥，多半會先把藥粒碾成粉末。
黏稠,濃稠有黏性的。[例]柏油燒熔之後變成黏稠的液體。
添加物,為了某種用途而增加進去的東西。[例]糖果及零食中常含有色素、香料等添加物，對人體沒有什麼好處。
呈現,出現、顯現。[例]一剎那間，在他滿是皺紋的臉上，呈現出一絲笑容。
習慣,1.逐漸適應。[例]她住在都市裡多年，早已習慣繁忙的生活步調。
舞蹈,一種藝術形式。為人體配合音樂或節奏所作的各種姿態，藉著有韻律的動作，表達內心的思想情感，並滿足人類的精神需求。[例]舞蹈是一種表現美感的藝術。
徜徉,安閒自在的四處走動。[例]他喜歡一個人無憂無慮的徜徉在青山綠水間。
仰光,城市名。位於伊洛瓦底江三角洲東側，距海約四十公里。以紡織品、肥皂、橡膠、鋁、食品、藥品和鋼鐵等工業著稱。米的輸出也很多。水運、公路和鐵路線連接國內各地。為緬甸最大和最重要的工商業城市。
緬甸,國名。位於亞洲東南部。參見「緬甸聯邦」條。
腳踝,小腿與腳掌間，腳骨兩旁凸起的部位。[例]他因車禍跌傷了腳踝，現在只能拄著枴杖走路。　△腿腕子　◎
呢絨,用獸毛或人造毛等製成的毛織品的統稱。[例]呢絨帽
下襬,上衣、長袍和裙子等的下緣部分。[例]騎車時要小心，千萬別讓下襬被捲到車輪裡。
恣意,放任而不加以約束。[例]詩人文士酒酣耳熱之際，往往恣意高歌，下筆千言。
批判,評論判斷。[例]他一向留心時事，經常批判社會的種種不合理現象。
行徑,行為、舉動。[例]他那鬼鬼祟祟的行徑，怎能叫人不起疑心？
謹記,1.恭謹牢記。[例]謹記教訓
恰恰,1.恰巧、剛好。[例]這個袋子恰恰可以裝進二十公斤的麵粉。
乏人問津,沒有人洽詢或探問。[例]這棟預售屋已經推出多時，但一直乏人問津。
放之四海而皆準,用到任何地方任何方面都可作為準則。語本《禮記．祭義》：「而橫乎四海，施諸後世而無朝夕，推而放諸東海而準，推而放諸西海而準，推而放諸南海而準，推而放諸北海而準。」
嗤之以鼻,從鼻子裡發出冷笑。表示不屑或鄙視。[例]他每每大言不慚，惹得眾人對他嗤之以鼻。
旨意,1.主旨目的。[例]由於未曾參與上次的御前會議，所以不了解聖上寫出來的文章旨意。
悠閒,閒適自得而無所牽掛。[例]爺爺悠閒地在公園裡散步。
寓言,以淺近假託的故事或自然物的擬人手法，表達某種哲理或隱含訓誨教育作用的文體。[例]《伊索寓言》
鷸蚌相爭,比喻兩相爭執必會造成兩敗俱傷，而讓第三者獲利的局面。典出《戰國策．燕策二》。[例]鷸蚌相爭，漁翁得利。
狡兔三窟,狡猾的兔子有三處藏身的洞穴。比喻人有多處藏身的地方或多種避禍的準備。語本《戰國策．齊策四》。[例]他可是狡兔三窟，想抓到他很不容易。
狡猾,詭變多詐。[例]他像狐狸般狡猾，你千萬不要上當！
招搖撞騙,假借某種名義到處炫耀，進行詐騙。[例]他到處招搖撞騙，最後終於被警察逮捕，移送法辦。
偽裝,假裝，改裝掩飾真正的面目或身分。[例]警方派出便衣人員偽裝成賭客，破獲此一大賭場。
誇大,言語超過原有的事實。[例]誇大不實
分辨,辨別。[例]這對雙胞胎長得實在太像了，很難分辨誰是誰。
謊言,不實在的話。[例]謊言遲早會被拆穿，何不現在就實話實說？
諷刺,以隱微的方式嘲諷譏刺。[例]這部電影旨在諷刺社會的病態。
警惕,對可能發生的情況，心生警覺而加以戒備。[例]學校播放反毒影片，以警惕同學勿受毒品誘惑。
蒙蔽,欺騙、隱瞞事實的真相。[例]記者報導新聞，不宜蒙蔽實情。
虛張聲勢,誇大聲威氣勢，用以嚇阻或欺騙他人。[例]他雖然膽小如鼠，但有時為了掩飾自己的怯懦，卻往往虛張聲勢，耀武揚威。
誘敵,引誘敵人。[例]為了解救同伴，他不惜現身誘敵。
司馬懿,人名。（西元179～251）字仲達，三國魏溫縣人。有雄才，多權變，文帝甚親重之，屢出師與蜀相諸葛亮相抗，使亮不能得志於中原，後以丞相執國政。其孫司馬炎終篡魏稱帝，建立晉朝，追尊為宣帝。
旗幟,1.旗有標幟的功用，所以泛稱旌旗為「旗幟」。[例]園遊會場上飄著許多畫有動物圖案的旗幟。
崗位,1.軍警執勤的處所。[例]為防止偷渡，海防部隊密置崗位派人守備。
百姓,泛指一般平民、國民。[例]只准州官放火，不准百姓點燈。
倘若,表示假設語氣的連接詞，即如果、假使。[例]倘若這件事不是你做的，為什麼見了我就跑？
書僮,舊時在富人家中侍候主人或其弟子讀書，兼做雜役的未成年僮僕。
撤退,放棄陣地或遷離已占領的地區。[例]將軍一見情勢失利，便馬上下令撤退。
諸葛亮,人名。（西元181～234）字孔明，三國蜀漢琅琊郡陽都人（今山東省沂水縣）。避亂荊州，劉備三訪其廬乃出。為人足智多謀，忠心耿耿。曾敗曹操於赤壁，佐定益州，使蜀與魏、吳成鼎足之勢。劉備歿，輔助後主劉禪，封武鄉侯。志在攻魏以復中原，乃東和孫權，南平孟獲，與魏長期爭戰，後鞠躬盡瘁，卒於軍中，諡號忠武。著有《諸葛武侯集》。
謹慎,仔細慎重。[例]公司決定派個謹慎的老手，負責這批產品品管的查驗工作。
丞相,古時輔佐天子處理國事的最高行政官員。多由一人擔任，有時亦由二人或多人共同掌政。秦漢以後設置，明洪武十三年後廢置。[例]唐太宗任用房玄齡、杜如晦來擔任丞相，因此締造了清明的政治。
耶誕節,西洋節日之一。為紀念耶穌基督降生的節日。耶穌誕辰，自古傳說不一，西元四世紀時，羅馬人始定十二月二十五日為耶穌誕辰，是歐美重要節慶之一。[例]耶誕節不僅是西方的重要節日，在臺灣也形成一股熱鬧的節慶氣氛。
郊外,環繞城市外面的地方。[例]每逢風和日麗的假日，我們一家人便到郊外踏青。
慈祥,慈善祥和。[例]祖母見到兒孫們，臉上總會露出慈祥的笑容。
劈啪,狀聲詞。形容燃燒時爆裂或撞擊拍打的聲音。[例]木柴在壁爐裡劈啪劈啪的燒著，室內逐漸溫暖起來。
零用錢,零碎花用的錢。[例]他習慣將每個月剩下的零用錢存在銀行。
厭倦,不再喜歡或提不起興趣。[例]小弟弟對這個玩具已經感到厭倦了。
辯護,1.法律上指辯護人為保護當事人的利益及權利，防禦不法或不當的指控，在口頭或文字上所做的辯白。[例]為了打贏這場官司，他請了一位名律師替他辯護。
自私自利,只圖自己的私利，而不顧及一切。[例]自私自利的人交不到真心朋友。
貧窮,缺少錢財，生活拮据困乏。[例]李老師對於家境貧窮的學生總是特別關心愛護。
關係,1.人事物間的關連情形。[例]親密關係、親子關係、主從關係
稍微,程度或分量上極少的。[例]只要稍微再下一點工夫，這件作品就會更完美。
暖烘烘,溫暖的樣子。元．陳德和〈落梅風．寒江釣叟〉曲：「他道縱如圖畫裡，則不如銷金帳暖烘烘地。」《儒林外史》第五三回：「陳木南身上暖烘烘，十分煩躁，起來脫去了一件衣服。」也作「暖溶溶」、「暖融融」。
衷心,出自內心。[例]我們衷心祝福她有個美滿的婚姻。
鋼琴,樂器名。屬鍵盤樂器。形狀像風琴，體積較大，內裝有許多鋼絲弦和包絨氈的木錘，手指按動鍵盤時，牽動鍵盤下的小木錘敲打鋼絲弦而發出聲音。十八世紀中葉以後廣泛流行。[例]她從小就學會彈鋼琴，有很深厚的音樂素養。　◎
恢復,1.回復到原來的樣子。[例]經過二年的重建，此地又恢復了震災前的繁華風貌。
活潑,生動而不呆板。[例]她個性活潑，交遊廣闊。
草莓,植物名。薔薇科草莓屬，多年生草本。全株被絨毛，葉根生叢出，有長柄，著生三片邊緣有缺刻的小葉。花白色，綴成疏聚繖（ㄙㄢˇ）花序。果實亦稱為「草莓」，肉質多汁，味道酸甜。　◎
客廳,用來接待賓客的場所。[例]媽媽插了盆花，擺在客廳的大桌上。
前額,額頭。[例]爸爸在烈日下修剪花木，前額早已布滿了汗珠。
灌醉,勉強別人喝酒以致於酒醉。
原諒,寬恕諒解。[例]老師原諒我的無禮，使我感激不已。
雙脣,上、下嘴脣。[例]他凍得雙脣發紫，全身顫抖。
乞求,懇求、請求。[例]他為遲到一事再三的乞求朋友諒解。
神采煥發,精神充足，光采照人。《元史．卷一七二．趙孟頫傳》：「孟頫才氣英邁，神采煥發。」
雪橇,1.利用長條形平滑板塊在雪地上滑行的無輪交通工具。古代多由狗或鹿等動物拉動，現有以機械帶動的。[例]據說，聖誕老公公在聖誕夜會駕著雪橇挨家挨戶分送禮物。　△冰橇、雪車　◎
迴盪,迴旋飄浮。[例]她嘹亮的歌聲在空曠的教室中迴盪。
訝異,覺得意外，難以相信。[例]他的成績進步神速，真令人訝異！
臉頰,臉的兩邊。[例]她一提起傷心的往事，兩行熱淚頓時沿著臉頰流下來。
蓬勃,茂盛繁榮的樣子。[例]蓬勃發展、朝氣蓬勃
家庭醫師,照顧家庭各成員健康的第一線醫師。通常由社區中開業的全科醫師，或衛生機構的醫師來擔當。
嚴肅,1.態度嚴正莊重。[例]他神色嚴肅的訓誡犯錯的學生。
薔薇,植物名。薔薇科薔薇屬，常綠或落葉灌木。枝幹多刺，葉為奇數羽狀複葉，邊緣有鋸齒。花朵為兩性花，有紅、白、黃等色，富有香氣。可作觀賞用，亦可加工製作薔薇油和薔薇露。[例]薔薇的葉片平滑，花小而多，和玫瑰不同，兩者極易區別。　△買笑　◎
包括,包含、涵蓋。[例]包括五院院長在內，均出席了這次會議。
螞蟻,泛指節肢動物門昆蟲綱膜翅目蟻科的動物。體小、長形，黑或褐色，觸角長，有一對複眼。行團體社會生活，有蟻后、工蟻、兵蟻之分。[例]老師要我們效法螞蟻勤勞、團結的精神。
儘管,1.不用考慮其他因素或加以節制，隨意去做。[例]大家儘管吃，別客氣。
島嶼,四周被水圍繞的小面積陸地。[例]時至今日，地球上仍有許多尚未開發的無人島嶼。
獨立,1.獨自站立。[例]一盞孤燈，獨立街頭。
心馳神往,心神專注、嚮往於事物上。[例]這部愛情文藝小說的情節，讓她非常心馳神往。
輾轉,1.間接的。[例]這個消息是輾轉從別人那裡聽來的，不知是否真確？
櫛比鱗次,比喻緊密的連接排列。[例]大都會裡高樓大廈櫛比鱗次，好似一座水泥叢林。
錢幣,錢。多指金屬貨幣。[例]他收藏了許多古代的錢幣。
村莊,鄉民聚集居住的地方。[例]這村莊還保有許多舊式建築，十分難得。
瀕危,接近危險的境地。多指人病危將死，或物種即將滅絕。[例]病重瀕危、瀕危物種
撒旦,基督教中稱魔鬼為「撒旦」，原指反抗上帝而誘人犯罪的惡魔，他是善的仇敵，是上帝和人類的敵對者。§英satan[例]在基督教裡，撒旦是魔鬼的化身，是黑暗的代表。
掠食者,捕食他種生物而藉以生存的動物。[例]獅子是非洲草原上的凶猛掠食者。
覓食,尋找食物。[例]許多小鳥吱吱喳喳地在花園裡四處覓食。
紳士,舊時多指地主或退職的官員。現泛指地方上有聲望的人或是舉止斯文有禮的人。[例]他溫文儒雅的紳士風度，吸引許多異性的愛慕。
迷濛,形容景物朦朧不清。[例]細雨霏霏，景物迷濛。
高亢,態度高傲亢直或聲調、情緒高昂激動。[例]歌聲高亢、情緒高亢、性格高亢
凌駕,超越、勝過。[例]我國在經濟方面的成就，早已凌駕世界上先進國家之上。
岌岌可危,形容非常危險。[例]這棟古屋在地震之後出現多處裂縫，隨時都有倒塌的可能，情況岌岌可危。
遺址,古代人類活動的地方。由此挖掘出來的古物和化石可供考古學家研究人類發展的歷史。如周口店遺址、半坡遺址等。
屏息,抑止呼吸，止住聲息。[例]屏息靜觀
秘魯,國名。位於南美洲西部。參見「秘魯共和國」條。
璀璨,光采鮮明的樣子。[例]不怕萬難，努力向上，必有璀璨的前程。
愜意,滿意、舒適。[例]他近來事事順利，日子過得十分愜意。
振奮,振作奮發。[例]聽到本班獲得音樂比賽冠軍，大家都振奮不已。
氛圍,周圍的氣氛和情調。[例]這家餐廳經常舉辦親子活動，讓用餐環境洋溢著歡樂喜悅的氛圍。
井然有序,條理分明而有秩序。[例]他精明能幹，凡事都能料理得井然有序。
澎湃,1.波濤互相衝擊的聲音或氣勢。[例]波濤澎湃、洶湧澎湃
堆砌,1.將物體層疊累積。[例]這是小弟用積木堆砌起來的城堡。
梯田,山坡上呈階梯狀的田地。階與階之間以矮埂相隔，有利於耕作及蓄水。[例]從飛機窗口望出去，山谷間的梯田構成一幅美麗的幾何圖案。
玄妙,深奧微妙。[例]自然界中仍有許多玄妙的事情，是現今科學無法解釋的。
回眸,回過頭看。[例]回眸一笑
瑞士,國名。位於歐洲中部，為一永久中立國。參見「瑞士聯邦」條。
名列前茅,前茅，古代行軍打仗時，前行兵士所拿作為旗幟的茅草。名列前茅比喻名次排在前面。[例]張同學非常優秀，各項成績在班上總是名列前茅。
唯一,獨一無二。[例]小英是本班唯一得到全勤獎的畢業生。
爆發,1.火山內部岩漿突然衝破地殼，向四方迸出。[例]火山爆發
供應,供給需要的錢財或物品。[例]這次的研習活動，主辦單位將免費供應午餐。
政府,唐宋時稱宰相處理政務的地方。現為國家統治機關的總稱，為近代國家構成要素之一。凡具有制定法律及執行法律之權力的政治組織，稱為「政府」。[例]有廉能的政府，才有公平與安定的社會。
收購,收買購置。[例]他到處收購土地，準備興建住宅，出售圖利。
騎士,1.乘馬的兵士。
駕駛,1.操控車船、飛機等交通工具。[例]他花了兩個月的時間才學會駕駛汽車。
冰箱,→電冰箱
嬉戲,遊戲玩耍。[例]讓小孩在街道上嬉戲是很危險的事。
乒乓球,1.→桌球
輕鬆自在,愉快適意。[例]問題解決後，他的心情感到無比的輕鬆自在。
護欄,設置於路邊、河岸等地的鐵柵或水泥柱等實體物。目的在防止超出範圍，發生危險。
蕭蕭,狀聲詞：(1) 形容馬鳴聲。[例]揮手自茲去，蕭蕭班馬鳴。（唐．李白〈送友人〉詩）　(2) 形容風聲。[例]風蕭蕭兮易水寒，壯士一去兮不復還。（《史記．卷八十六．刺客傳．荊軻傳》）　(3) 形容落葉聲。[例]無邊落木蕭蕭下，不盡長江袞袞來。（唐．杜甫〈登高〉詩）
清澈,澄淨透明。[例]那條溪清澈得可以看見水中的魚兒游來游去。
辭別,辭行、告別。[例]他跟我們辭別後，就坐上汽車往機場去了。
橫臥,平躺。如：「他開門一看，赫然發現一個醉漢，橫臥在地板上。」
行蹤,出現或來去的蹤跡。[例]小王的行蹤飄忽不定，恐怕不容易找到他。
重逢,再度相逢。[例]久別重逢、異地重逢
抒發,表達、發洩。[例]適當的抒發情緒，有助於身心健康。
漂泊,比喻生活不固定，居無定所。[例]他長年漂泊海外，很少回家。
餘暉,夕照。[例]落日的餘暉將天空映照得滿天霞紅。
真摯,真實誠懇。[例]真摯的友誼是歷久彌堅的。
情誼,人與人之間彼此關愛的情感。[例]他們多年來相互扶持，情誼深厚。
靠攏,靠近、聚攏。[例]做完體操後，兩旁的隊伍向中央靠攏，方便教練講解比賽規則。
笨拙,反應遲鈍、不靈巧。[例]我雙手笨拙，不善繡花。
疲憊,極為疲勞困倦。[例]走了三天的山路，所有的隊員都已疲憊不堪。
鈔票,紙幣。[例]媽媽從皮包裡取出一疊鈔票來付款。
包裹,1.行李。[例]她收拾一下包裹，頭也不回的走了。
巡視,巡行視察。[例]農夫每天都會到田裡巡視稻苗生長的情形。
甦醒,從昏迷中醒過來。[例]經過醫生的急救處理，休克的傷患總算甦醒了過來。
豎立,物體垂直地面立起來。[例]那條道路兩旁豎立著許多電線桿。
媒體,傳播資料訊息的工具。如電視、廣播、報章雜誌等。[例]政府常利用各種媒體進行政策宣導。
沸騰,1.液體加熱至一定的溫度時，發生上湧汽化的現象。[例]國人習慣飲用加熱沸騰過的水。
宛如,彷彿。[例]陣陣寒風吹在身上，宛如針刺刀割。
扶疏,枝葉繁茂，四處伸展的樣子。[例]公園中花木扶疏，綠意盎然，是個休憩的好地方。
鳳凰木,植物名。蘇木科鳳凰木屬，落葉中喬木。二回羽狀複葉，花序繖（ㄙㄢˇ）房狀，夏季盛開，花瓣五片，焰紅色，雄蕊十枚，莢果扁平、木質。主供觀賞，為極佳的行道樹及庭園樹，木材亦可供為薪炭之用。
山巔,山的頂端。[例]清晨太陽露出山巔，光芒四射，照亮大地。
戀戀不捨,十分留戀，捨不得離開。[例]畢業前夕，全班同學都顯得戀戀不捨、離情依依。
綠蔭,樹蔭。[例]烈日當空，兩、三個農夫正在濃密的綠蔭下乘涼、休息。
紡車,舊時稱有輪可轉動的紡紗器具。《紅樓夢》第一五回：「一面說，一面又至一間房前，只見炕上有個紡車。」
經緯,1.編織物品的直線與橫線。[例]織布機上的梭子是用來穿織布匹的經緯。
纖纖,形容細長。[例]纖纖玉手
裊裊,1.縈迴繚繞、搖曳不定的樣子。[例]輕煙裊裊
袖珍,形容小型的或小巧的。[例]袖珍本、袖珍字典、袖珍收音機
工廠,將原料或半成品製成成品的地方。[例]鐵工廠、紡織工廠
喜孜孜,歡喜的樣子。[例]他喜孜孜的說著這次得獎的趣事。
猶在,還存在。[例]青山猶在，綠水長流。
光陰,時間。[例]一寸光陰一寸金，寸金難買寸光陰。
飛逝,快速消逝。[例]時光飛逝，昔日的小女孩如今已成為亭亭玉立的淑女了。
雀斑,因日晒或遺傳等所引起的局部色素沉澱，呈現於人體皮膚上的褐色細點。
閣樓,建築於屋內的夾層矮樓。[例]她將閣樓闢為儲藏室，收放一些不常用的家具。
匱乏,貧乏。[例]我國經濟發達，民生物質不虞匱乏。
舊書攤,買賣過期的書報雜誌的店鋪或攤子。[例]他閒來無事時喜歡逛逛舊書攤挖寶貝。
冥冥之中,人無法預測、理解、控制的狀況。[例]我們的姻緣冥冥之中似乎早已注定。
帳篷,可拆卸自由搬運的組合式住宅。由支架及可折疊的皮革、布、塑膠等組合而成，除用於遊牧、狩獵外，亦應用在露營登山、馬戲團等。[例]帳篷是游牧民族逐水草而居的必要配備。
徒步,步行。
籌備,事先預備計劃。[例]經過幾年的籌備，這家公司終於開張了。
埡口,狹窄的山口。[例]根據山友的經驗，許多高山埡口都是容易形成雲海的地方。
山脈,山巒相連並依一定方向起伏延伸，狀似脈絡而成系統的山群。[例]崑崙山脈、陰山山脈、中央山脈
紮營,屯駐營寨。[例]這塊空地背山面水，非常適合紮營。
窸窸窣窣,擬聲詞。摹擬斷續的細碎聲音。如：「風一來，堤岸蘆葦就發出窸窸窣窣的聲音。」
背誦,熟記文句後能不看文句就能誦讀。[例]老師要同學背誦這篇文章。
宇宙,時間與空間的總稱，即天地。[例]宇宙萬物十分奧妙，值得我們去探索。
浩瀚,1.水勢盛大的樣子。[例]看到大海的浩瀚，令人更加感到自己的渺小。
瞻前顧後,1.指做事謹慎周密，能夠首尾兼顧。[例]想把活動辦好，就必須設想周到、瞻前顧後，這樣在面對突發狀況時才不致無法應付。
汲取,吸取、吸收。[例]陳老先生不斷的汲取新知，好學不倦的精神不輸給年輕人。
富庶,物資豐富，人口眾多。[例]全民同心齊力的奮鬥使國家富庶，人民生活水準提高。
鍥而不捨,比喻有恆心、毅力，堅持到底。[例]經警方鍥而不捨的追查，真凶終於找出了。
嶄新,全新、極新。[例]他開了一部嶄新的轎車，引來許多羨慕的眼光。
一輩子,一生、一世。[例]他將一輩子都奉獻教育，培育了許多傑出的人才。
構築,建造修築。[例]軍方在邊境構築了許多防禦堡壘，以確保國家的安全。
諺語,民間流傳的俗語。句形簡短、音調和諧。如「聰明一世，糊塗一時」。[例]諺語雖是精簡的句子，但卻是古人長遠累積的智慧。
羊羹,一種用豆沙、麵粉及糖等材料做成的甜食。[例]媽媽準備了親手做的紅豆羊羹，來款待賓客。
公斤,量詞。計算重量的單位。公制一公斤等於1000公克。　△斤
全神貫注,將心思和精神完全集中在某事物上。[例]他全神貫注的聆聽音樂，連門鈴響了也不知道。
拓展,開拓發展。[例]拓展業務、拓展國民外交
恭喜,向人表示慶賀之敬詞。[例]恭喜你考上研究所。
荊棘,1.叢生而多刺的灌木。[例]登山隊用柴刀劈開擋住去路的荊棘之後，才繼續前進。
俗話,流行通俗的語句。[例]俗話說：「萬事起頭難。」創業之初，辛苦一點是必然的。
窘境,艱難貧困的處境。[例]因為父親驟然逝世，使得他們全家的生活頓時陷入了窘境。
溝通,彼此間意見的交流或疏通。[例]我們在開會時充分溝通意見。
生涯,原指人的生命有止境。今用以指所過的生活或所經歷的人生。語本《莊子．養生主》。[例]他對自己的生涯已經做了妥善的規劃，現在正一步步的朝目標與理想邁進。
曙光,1.清晨大地初現的亮光。[例]清晨第一道曙光出現前，許多人就已經展開一天的工作了。
